jarak_tempuh_km,durasi_kemacetan_menit,suhu_saat_ini,nilai_mkt_sejauh_ini,probabilitas_rusak,durasi_ekskursi_menit_final,nilai_mkt_final
10.6,29.98,5.94,5.68,0.0497,0,6.13
9.99,44.8,8.0,6.96,0.2812,30,7.73
7.64,33.76,6.63,5.53,0.0311,0,5.87
14.11,5.0,4.58,4.55,0.0,0,4.83
7.22,11.13,4.34,4.12,0.0086,0,4.21
2.53,13.16,5.09,5.09,0.0,0,5.36
6.66,15.47,6.64,6.28,0.0,0,6.6
14.66,33.92,6.23,5.42,0.0447,6,6.5
16.44,30.24,6.45,5.21,0.0,0,5.81
16.39,12.19,5.83,5.52,0.0093,0,5.77
2.99,4.05,5.07,5.0,0.0,0,4.98
15.94,10.29,5.75,5.18,0.0,0,5.54
18.92,59.06,7.24,6.12,0.1135,30,7.13
5.81,28.11,3.95,5.5,0.0,0,4.89
3.18,52.04,6.02,5.19,0.0,1,6.05
3.27,50.93,5.29,4.8,0.0,0,4.91
5.1,30.69,2.9,4.13,0.146,0,3.85
8.6,42.4,5.7,5.01,0.0559,0,5.63
6.51,11.57,4.04,3.88,0.0021,0,3.98
7.15,41.3,5.84,5.25,0.0389,0,5.63
7.66,16.34,5.35,5.14,0.0,0,5.32
4.61,49.92,6.75,6.32,0.0999,13,7.05
7.72,5.02,5.83,5.67,0.0,0,5.75
5.12,46.39,7.79,6.83,0.2874,20,7.72
16.04,6.0,4.85,4.54,0.0004,0,4.98
7.28,52.87,5.33,4.89,0.0373,0,5.35
3.55,18.25,5.61,5.43,0.0227,0,4.82
18.39,39.26,7.3,6.32,0.1192,27,7.29
14.81,29.25,5.25,4.97,0.0,0,5.6
2.73,21.98,5.5,4.75,0.0081,0,5.0
5.08,38.73,5.91,5.64,0.0657,0,5.98
5.19,56.85,5.1,4.52,0.0839,0,5.4
5.39,2.48,4.65,4.32,0.0,0,4.45
18.43,55.13,5.56,4.42,0.0427,9,5.79
14.89,36.54,4.99,4.52,0.046,0,5.19
10.17,48.44,5.79,4.82,0.0598,5,6.16
18.4,23.03,6.92,5.86,0.0655,0,6.36
7.82,28.31,6.2,5.89,0.0065,0,6.41
13.44,52.13,5.92,4.9,0.0806,18,6.48
6.5,24.89,2.65,3.41,0.0,0,3.26
6.57,32.08,6.91,6.44,0.0345,0,6.71
7.11,1.21,3.99,3.93,0.0,0,4.11
3.15,9.52,5.23,5.33,0.0,0,5.3
13.37,38.5,6.86,6.11,0.2934,30,7.48
5.74,43.02,4.99,5.52,0.0102,0,5.52
14.29,34.96,5.12,4.53,0.0366,0,5.14
8.48,8.6,5.2,4.74,0.0004,0,4.9
5.01,26.72,6.17,5.93,0.0,0,6.06
16.36,21.31,5.03,4.68,0.0216,0,5.63
5.12,29.74,6.38,5.75,0.0235,0,6.71
17.15,52.22,5.67,5.47,0.1911,18,6.74
11.9,46.55,6.25,5.41,0.051,0,6.16
18.56,5.04,6.48,6.06,0.0175,0,6.52
11.15,53.42,4.03,3.81,0.0,0,4.46
12.87,28.31,4.89,4.86,0.0,0,5.51
12.16,44.63,6.48,4.87,0.0,0,5.64
4.63,8.4,4.38,4.05,0.2093,9,3.29
3.66,40.24,5.94,5.38,0.0316,0,5.78
5.35,14.18,4.1,3.69,0.1061,0,4.26
9.75,26.3,4.45,5.26,0.0,0,5.3
8.87,1.01,3.42,3.61,0.0542,0,3.56
7.54,9.1,3.87,3.76,0.0218,0,4.06
13.75,5.52,3.82,3.86,0.0091,0,4.02
8.45,14.38,5.23,5.11,0.0,0,5.15
6.42,6.0,4.42,4.13,0.0,0,4.27
14.81,41.51,5.99,5.78,0.1643,15,6.87
4.85,1.74,3.38,3.46,0.0,0,3.48
16.28,37.06,5.08,4.5,0.0,0,4.94
7.52,8.44,4.75,4.36,0.0,0,4.48
18.41,56.71,7.16,5.93,0.1281,35,7.2
19.05,55.99,6.2,5.49,0.0188,4,6.17
6.44,13.53,5.21,5.22,0.0,0,5.47
4.91,36.87,4.3,3.8,0.0999,3,3.57
9.56,1.68,6.3,5.97,0.0,0,6.11
19.74,55.91,7.87,6.75,0.5562,73,9.01
9.11,31.38,6.05,6.04,0.0,0,6.78
8.04,2.59,5.02,5.09,0.0,0,5.12
3.42,20.55,4.32,3.75,0.0158,0,3.98
5.85,4.61,3.74,3.75,0.0058,0,3.92
4.57,23.58,6.3,5.98,0.0,0,5.79
13.83,40.2,5.24,4.38,0.0332,0,5.15
13.35,28.19,5.73,5.21,0.0,0,5.64
14.84,23.02,5.42,4.82,0.0258,0,5.64
3.44,7.15,6.36,5.87,0.008,0,6.03
5.48,14.7,5.23,4.81,0.0,0,5.27
14.18,6.01,4.33,3.89,0.0,0,4.24
15.74,48.45,4.7,5.12,0.0304,4,6.14
11.25,8.11,5.82,5.74,0.0,0,5.9
16.36,35.72,3.62,3.24,0.0335,0,3.93
8.41,20.56,5.48,5.14,0.0,0,5.72
2.22,13.56,5.84,5.57,0.0,0,5.8
7.42,38.37,5.94,5.34,0.0,0,6.01
10.58,27.42,5.82,5.64,0.0889,0,4.55
17.71,24.01,6.0,5.42,0.0,0,5.91
17.42,35.57,2.17,1.67,0.4566,58,1.63
10.74,29.48,7.09,6.39,0.0,0,6.92
13.84,18.21,4.36,4.06,0.0404,0,4.56
15.81,33.54,4.52,4.96,0.0,0,4.4
4.53,40.17,5.28,5.07,0.0,0,5.82
2.24,1.6,5.58,5.54,0.0,0,5.51
4.69,27.95,6.76,6.54,0.0,0,6.84
14.26,3.46,5.3,5.12,0.0,0,5.26
19.72,11.18,6.02,5.0,0.0014,0,5.29
10.07,33.63,6.81,6.18,0.0901,11,7.01
15.55,51.97,9.41,7.62,0.452,51,8.6
2.64,52.97,5.61,5.0,0.0301,0,5.78
8.92,4.2,6.11,5.86,0.0,0,5.91
12.68,25.15,3.47,3.46,0.0077,4,3.47
6.6,34.98,4.38,4.6,0.0217,0,4.58
7.8,8.82,4.4,4.56,0.0,0,4.48
7.82,45.93,7.03,5.91,0.0436,1,6.58
7.19,44.65,6.69,5.94,0.0571,0,6.14
15.57,54.2,5.71,4.65,0.005,12,6.37
12.38,0.51,4.38,4.22,0.0,0,4.2
6.41,13.0,4.86,4.79,0.0,0,4.97
7.58,49.63,4.71,4.23,0.0,1,5.63
6.54,40.23,6.44,5.45,0.0921,11,6.68
4.89,53.66,7.73,6.65,0.2262,24,7.46
6.41,3.43,3.84,3.71,0.0,0,3.77
16.31,35.82,6.65,5.81,0.1681,18,6.65
5.31,34.14,7.73,6.62,0.1026,6,6.99
8.74,2.14,2.06,1.86,0.2936,15,1.98
18.36,30.81,3.44,3.9,0.033,0,4.09
4.91,36.57,6.17,5.26,0.0,0,5.75
7.48,11.48,4.8,4.15,0.0341,0,4.67
17.32,16.4,6.13,5.76,0.0241,0,5.82
12.4,38.42,6.0,6.36,0.0424,0,6.13
17.7,28.1,3.98,3.91,0.1084,0,4.53
4.06,51.48,7.48,6.56,0.0814,7,7.28
15.23,20.54,6.22,5.57,0.0,2,6.6
19.9,16.0,4.73,4.2,0.0,0,4.96
5.09,59.09,5.37,5.04,0.0513,3,6.22
2.6,54.67,6.4,5.4,0.0,0,5.9
11.9,1.74,3.97,3.86,0.0314,0,3.93
5.59,46.24,5.14,4.87,0.0,0,4.97
5.22,6.62,4.37,4.17,0.0336,0,4.35
6.79,1.65,5.79,5.88,0.0073,0,5.91
14.74,16.42,0.57,2.41,0.5656,45,1.57
13.51,16.16,6.67,5.93,0.0062,0,6.51
13.3,49.16,5.74,5.14,0.0,6,6.24
5.48,42.64,6.72,6.3,0.0901,0,5.79
2.76,58.9,7.68,6.28,0.1009,17,6.94
18.87,42.69,8.55,7.02,0.2122,49,7.82
10.96,25.1,5.84,5.44,0.0074,0,5.38
4.44,41.94,4.43,5.44,0.0048,0,5.29
7.28,59.97,7.11,5.27,0.0855,15,6.23
16.76,42.61,5.97,5.46,0.2008,26,6.88
12.79,45.7,3.76,4.07,0.0,0,4.2
5.74,56.3,6.75,5.66,0.0,0,6.03
2.79,6.82,4.96,4.93,0.0,0,4.96
18.33,42.29,6.3,5.78,0.0914,11,6.71
3.21,51.05,5.72,5.47,0.0436,0,6.14
7.45,57.26,6.07,5.51,0.0,2,6.23
5.8,12.66,5.74,5.53,0.0,0,6.2
16.93,30.24,6.75,5.99,0.0159,0,6.28
3.81,40.83,4.4,4.04,0.0627,0,4.68
8.44,14.85,6.22,5.93,0.0,0,6.23
8.48,36.03,4.59,4.38,0.0,0,4.59
4.84,15.45,3.98,3.81,0.0,0,3.51
17.51,20.01,6.48,5.8,0.0,0,6.17
13.3,26.49,4.08,4.22,0.0,0,4.66
14.24,31.75,5.0,4.3,0.0082,0,4.41
12.11,26.96,5.79,5.16,0.0,0,6.06
10.87,29.59,5.7,5.57,0.0,0,6.14
2.89,17.92,4.36,4.2,0.0,0,4.41
6.88,9.54,4.83,5.0,0.0121,0,5.33
11.28,2.84,5.98,6.0,0.0306,0,6.03
2.78,11.76,4.2,4.09,0.0047,0,4.3
3.22,34.92,4.18,5.54,0.1211,0,5.34
11.86,47.17,6.89,5.69,0.0554,0,6.32
12.78,10.15,6.13,5.8,0.0,0,6.08
5.39,6.51,4.96,4.88,0.0,0,5.1
12.7,44.96,5.52,4.81,0.0,0,5.47
2.21,18.31,5.42,5.19,0.0081,0,5.45
7.76,57.09,6.5,5.57,0.1447,9,6.62
6.9,42.86,6.18,5.74,0.0,0,6.13
16.44,19.61,6.25,5.56,0.0,0,6.19
11.41,17.37,5.0,5.11,0.0168,0,5.37
14.4,31.42,4.61,4.61,0.0798,0,4.97
7.48,4.75,5.45,5.47,0.0,0,5.48
15.19,7.06,5.64,4.99,0.0182,0,5.26
6.98,10.55,5.17,4.75,0.0,0,5.06
10.82,46.48,4.56,4.67,0.0,0,4.82
10.64,30.83,1.46,1.78,0.4734,46,1.88
6.51,0.63,1.84,3.98,0.3319,12,3.1
12.42,40.41,8.01,7.07,0.1372,16,7.39
17.74,25.42,4.14,4.53,0.0,0,4.56
18.12,30.65,6.5,5.82,0.0677,0,5.58
7.56,12.85,5.83,5.65,0.0214,0,5.8
3.65,33.11,1.66,2.56,0.3081,22,2.41
3.99,58.75,7.95,6.32,0.1512,12,6.81
9.52,4.41,4.51,4.59,0.0046,0,4.7
5.28,17.04,6.02,5.82,0.0,0,6.11
18.33,14.58,5.8,5.24,0.0,0,5.73
8.4,14.91,4.83,4.6,0.0509,0,4.66
18.94,22.72,5.56,5.18,0.0,0,4.76
15.76,49.09,6.8,5.61,0.0,0,6.08
16.44,54.77,6.62,5.51,0.0538,29,6.95
8.02,12.13,6.13,5.94,0.0,0,6.09
8.51,32.58,4.66,4.36,0.0,0,5.07
12.82,38.21,5.27,4.3,0.0456,0,4.62
7.9,31.31,5.87,4.89,0.0,0,5.21
5.86,26.04,5.44,4.72,0.0294,0,5.23
9.82,11.52,6.16,5.82,0.0361,0,6.09
7.39,29.29,5.23,4.98,0.0,0,5.45
4.26,24.07,5.87,5.55,0.0898,0,6.05
6.81,47.73,5.21,4.61,0.0468,0,5.58
7.51,45.82,5.54,5.01,0.0,0,5.88
7.22,8.04,5.62,5.61,0.0116,0,5.26
3.08,5.31,4.94,5.05,0.1049,0,5.24
19.64,54.49,5.51,5.3,0.0359,0,5.99
9.97,32.13,5.18,4.91,0.0476,0,4.99
6.78,51.47,4.7,4.25,0.0252,0,4.89
6.54,3.49,3.18,3.21,0.0,0,3.17
18.6,31.59,6.91,6.02,0.0344,0,6.32
5.65,32.37,6.49,5.63,0.0115,0,6.22
14.34,51.64,8.37,6.85,0.0731,5,6.82
9.73,5.86,3.97,3.68,0.0289,0,3.82
13.13,14.43,6.01,5.81,0.032,0,6.28
6.37,24.39,4.55,4.43,0.0824,0,4.51
15.18,51.95,7.13,6.47,0.1449,29,7.34
15.88,56.33,6.74,6.01,0.1697,27,7.26
3.01,59.56,6.87,5.94,0.1391,6,6.56
8.91,57.55,6.19,5.22,0.0,0,5.18
4.4,0.36,5.08,5.14,0.0106,0,5.16
2.34,2.86,5.19,5.11,0.0313,0,5.09
15.6,8.86,4.42,4.14,0.0,0,4.75
16.86,20.93,5.37,5.82,0.0663,0,5.85
7.91,49.8,6.08,5.96,0.0785,0,6.34
8.93,53.56,8.33,7.09,0.2127,35,7.73
12.69,11.21,5.26,4.84,0.0,0,5.1
9.96,37.18,4.56,4.24,0.0455,0,4.8
17.91,55.04,7.63,6.25,0.2567,41,7.42
12.11,27.82,5.75,5.01,0.0388,0,5.52
5.03,6.21,5.35,5.4,0.0,0,5.39
13.71,27.47,6.28,4.95,0.0,0,5.35
6.15,22.55,5.16,4.73,0.0,0,4.93
5.97,34.66,6.54,5.91,0.1982,13,7.16
17.47,26.32,5.37,5.42,0.0587,9,6.42
4.21,1.04,5.81,5.82,0.061,0,5.84
13.19,59.64,4.75,4.47,0.0684,0,4.97
8.21,32.61,3.88,3.79,0.0265,0,4.22
12.13,28.42,5.85,5.11,0.0563,0,5.26
9.77,57.28,6.36,5.56,0.006,0,6.11
6.3,9.35,4.5,4.18,0.0383,0,4.33
19.5,11.35,5.1,4.8,0.0384,0,5.62
7.4,48.48,7.34,6.42,0.0262,7,6.83
16.81,15.65,4.6,4.26,0.0,0,4.95
19.76,47.95,5.14,4.64,0.147,17,6.32
5.3,16.29,4.54,4.35,0.0,0,4.53
4.32,1.99,3.66,3.65,0.007,0,3.61
8.79,31.02,6.39,5.57,0.0274,2,6.23
5.61,11.8,6.1,5.85,0.0,0,6.4
11.04,45.47,3.25,3.53,0.0,0,3.8
7.18,38.47,5.0,4.75,0.0,0,4.94
5.18,55.42,7.7,6.68,0.0,0,6.95
13.82,46.98,9.16,7.57,0.2704,34,7.72
12.52,10.85,5.27,5.12,0.0704,0,5.29
18.1,48.01,5.98,5.84,0.2933,37,7.63
7.27,38.5,6.71,6.2,0.0,0,6.62
15.22,40.14,5.63,4.8,0.0,10,6.29
15.2,49.94,6.62,5.44,0.0,10,6.29
5.35,34.43,5.75,5.16,0.0,0,5.79
19.14,27.96,5.13,4.71,0.0,0,5.44
17.35,38.2,4.63,6.24,0.0871,0,6.05
5.63,17.88,6.37,6.05,0.0,0,6.16
12.07,10.96,5.17,4.78,0.0445,0,4.88
10.97,37.0,7.27,6.69,0.0734,16,7.26
9.65,14.03,5.72,5.59,0.0174,0,5.91
3.83,4.79,4.49,4.36,0.0,0,4.42
10.76,0.03,4.12,3.98,0.0,0,3.8
11.49,36.5,7.04,6.07,0.0495,4,6.58
19.69,21.73,7.25,5.93,0.0,2,6.38
6.33,45.14,6.79,5.58,0.0,0,6.11
18.83,22.51,7.23,6.35,0.0788,5,6.82
12.2,29.16,4.47,4.97,0.0,0,5.05
14.36,24.43,6.06,5.9,0.0696,10,6.81
17.45,39.03,6.5,6.2,0.1344,27,7.45
10.41,21.37,5.32,5.21,0.0337,0,5.38
11.46,57.83,7.29,6.42,0.2586,23,7.4
11.14,56.17,8.38,6.68,0.1495,30,7.51
10.62,50.88,6.87,6.05,0.2327,26,7.03
18.88,55.22,6.63,5.02,0.0927,17,6.24
7.35,26.95,6.34,6.21,0.0659,0,6.63
6.63,32.19,5.88,5.62,0.0,0,6.17
6.26,44.53,6.86,5.74,0.012,1,6.2
11.42,41.77,5.28,4.87,0.0646,0,5.19
6.48,53.44,6.37,5.41,0.0,2,6.16
2.58,42.98,6.57,5.64,0.034,0,5.96
7.16,59.87,5.75,5.5,0.0,0,5.77
3.69,20.91,3.58,5.28,0.0077,0,4.72
3.11,49.98,4.18,4.04,0.0,0,4.35
9.75,41.86,6.99,5.3,0.0131,0,5.81
15.16,41.48,3.91,3.15,0.0075,0,3.8
6.65,19.55,5.59,5.13,0.0,0,5.04
19.67,47.14,6.82,5.78,0.051,22,6.76
18.11,54.02,6.53,5.31,0.0,0,5.14
5.64,13.11,3.69,3.91,0.0247,0,3.95
5.68,37.53,3.55,3.5,0.0,0,3.63
2.16,23.53,5.41,5.09,0.0459,0,5.35
6.7,59.37,4.81,4.42,0.0,0,5.29
17.31,28.73,5.65,4.54,0.0421,0,5.34
6.92,13.7,6.0,5.76,0.0,0,5.75
19.97,22.91,4.56,4.03,0.0437,0,5.01
8.88,39.23,6.56,5.67,0.0,0,6.22
15.86,4.57,4.9,4.6,0.0,0,4.67
18.62,36.22,6.28,5.57,0.154,16,6.64
8.54,55.87,3.34,4.2,0.0,0,4.17
18.62,51.02,4.55,4.79,0.0,0,5.02
7.36,4.06,4.55,4.19,0.0384,0,4.29
19.65,59.6,4.99,5.57,0.0095,0,5.25
5.69,41.92,7.77,6.31,0.2013,17,7.06
7.56,9.74,5.49,5.25,0.0,0,5.56
5.8,0.74,5.92,5.87,0.0,0,6.12
15.64,10.28,4.03,4.11,0.0412,0,4.58
12.98,50.29,6.21,5.69,0.0533,24,7.08
12.17,1.3,4.59,4.73,0.0124,0,4.64
7.75,13.99,4.02,3.87,0.0,0,3.31
2.86,45.44,6.17,6.09,0.0,0,6.35
5.48,35.17,7.35,6.4,0.0,1,6.87
13.29,46.96,5.49,4.12,0.0,0,4.87
8.8,44.77,8.46,7.25,0.1894,30,7.85
19.33,3.04,6.38,5.51,0.0,0,5.82
7.99,53.55,5.11,6.11,0.0,0,6.27
8.0,13.62,4.99,5.05,0.0,0,5.13
8.63,33.2,3.97,3.89,0.0,0,4.36
11.21,38.66,5.08,4.79,0.021,0,4.74
8.49,10.12,5.72,5.38,0.0555,0,5.62
12.37,58.57,5.16,4.48,0.0657,7,5.93
5.06,29.29,5.84,5.32,0.0,0,5.68
15.68,3.46,2.42,2.99,0.1457,4,2.88
13.7,56.24,7.2,6.47,0.1682,25,7.06
2.52,35.18,6.32,5.94,0.0,0,6.67
3.82,41.95,5.19,4.44,0.0,0,4.96
7.8,31.51,7.67,6.83,0.067,0,6.96
7.67,50.08,6.24,5.55,0.1163,13,6.64
8.75,1.99,4.19,4.32,0.0012,0,4.24
11.26,16.1,5.78,5.11,0.0172,0,5.67
10.26,28.18,6.69,5.7,0.0,0,6.24
2.04,4.6,4.85,4.85,0.0832,0,4.95
6.9,42.35,4.92,4.61,0.0413,0,4.05
13.48,23.62,4.41,4.29,0.0,0,4.56
2.55,16.36,4.56,4.44,0.0252,0,4.52
15.57,0.2,4.45,4.22,0.003,0,4.61
18.58,43.19,6.23,5.76,0.1404,29,7.23
11.52,50.03,5.77,4.63,0.0,0,5.19
12.32,23.7,5.79,4.89,0.0396,0,5.35
3.55,33.85,4.05,3.83,0.0,0,4.16
12.81,13.66,4.74,4.32,0.0031,0,4.51
12.31,37.33,5.22,4.5,0.0,0,4.96
13.67,0.73,6.16,5.98,0.0102,0,6.31
15.34,29.32,5.21,4.75,0.0725,0,5.6
6.6,38.65,5.82,4.85,0.0,0,5.56
5.23,55.09,5.96,6.16,0.0,0,6.26
5.2,22.88,5.38,5.18,0.0,0,5.59
6.09,45.91,6.36,5.95,0.011,2,6.62
3.01,35.86,4.88,5.22,0.0,0,5.29
10.65,55.62,5.93,4.98,0.0357,0,5.8
6.51,23.9,4.48,4.22,0.0346,0,4.49
14.51,19.15,6.38,5.96,0.0,0,6.37
18.2,53.23,5.45,5.07,0.0735,14,6.42
18.32,2.95,4.61,4.3,0.0021,0,4.12
19.36,8.18,6.44,5.89,0.0,0,6.16
18.02,4.94,3.72,3.83,0.0656,0,3.92
5.03,50.59,5.77,5.53,0.0472,0,6.17
10.7,0.64,3.98,3.87,0.0508,0,3.91
17.28,51.7,6.51,5.86,0.0,4,4.73
10.49,27.08,4.62,4.43,0.0,0,4.16
6.63,0.24,5.71,5.67,0.0289,0,5.69
3.02,24.1,4.76,4.37,0.0507,0,4.58
4.31,11.21,5.87,5.7,0.0903,0,5.91
4.08,37.46,2.12,4.01,0.0801,0,3.24
4.59,40.76,6.89,6.16,0.0215,0,6.65
11.97,29.25,6.94,6.16,0.0646,0,6.45
4.91,2.43,4.66,4.86,0.0452,0,4.78
12.4,39.37,6.72,6.24,0.139,13,6.89
7.68,50.52,6.3,5.4,0.0739,10,6.78
4.05,43.22,5.65,5.21,0.0488,0,5.77
17.21,49.8,4.51,5.16,0.1138,0,5.16
3.43,12.03,4.6,4.42,0.0254,0,4.69
3.35,53.33,5.62,4.69,0.0,0,5.59
15.62,19.33,2.87,4.0,0.0439,0,3.8
8.81,0.8,5.31,5.06,0.0,0,5.16
17.93,50.6,8.7,7.01,0.1524,40,7.82
18.4,56.51,7.75,6.28,0.2081,27,7.02
7.91,39.33,6.64,6.7,0.0,0,6.81
4.67,13.89,2.7,3.26,0.0,0,3.4
7.8,15.1,4.25,4.33,0.0604,0,4.41
18.02,28.0,5.5,5.04,0.0397,0,5.63
18.4,53.87,6.23,5.37,0.0486,0,6.06
18.3,8.98,2.58,3.81,0.0099,0,3.58
13.13,49.56,5.41,4.58,0.0297,0,5.77
14.7,17.48,5.09,4.68,0.0,0,5.53
13.18,48.52,5.68,5.05,0.0058,0,6.03
5.77,55.22,7.4,6.79,0.1555,18,7.51
16.18,25.65,5.43,5.29,0.0,0,5.94
12.58,21.9,5.24,5.39,0.0384,0,5.46
14.72,48.13,5.98,5.52,0.0348,15,6.76
12.54,31.77,6.65,6.05,0.0563,0,6.38
12.38,41.07,6.86,5.73,0.0817,0,6.32
3.46,37.37,5.86,5.33,0.0353,0,5.59
9.18,9.17,7.22,6.55,0.0855,0,6.72
7.38,50.69,5.17,5.04,0.0,0,5.11
7.93,11.75,6.44,5.78,0.0278,0,6.15
19.59,55.94,8.56,6.96,0.1848,49,7.81
7.3,15.03,4.69,4.3,0.0,0,4.56
9.04,44.03,8.03,6.93,0.3192,34,7.81
4.66,17.08,5.12,4.76,0.023,0,4.86
14.15,19.07,5.47,4.83,0.0,0,5.38
5.16,18.6,5.0,4.76,0.0,0,4.86
16.91,44.87,5.12,5.72,0.0159,4,6.31
16.78,33.41,3.75,4.25,0.0527,0,4.34
8.56,52.98,5.48,4.74,0.0341,0,5.09
9.33,18.44,3.84,4.12,0.0,0,4.03
19.07,41.52,8.69,6.78,0.2388,37,7.68
17.39,45.18,7.0,5.9,0.22,25,7.03
4.12,9.09,4.53,4.37,0.0,0,4.48
6.23,24.04,5.64,4.86,0.0827,0,5.05
11.27,28.97,5.79,5.29,0.0,0,6.32
13.39,21.34,4.86,4.54,0.0153,0,4.78
7.81,19.33,4.92,4.85,0.0,0,4.9
11.72,41.19,3.78,4.23,0.0,0,4.16
7.85,12.95,6.82,6.36,0.0,0,6.58
9.91,42.56,3.89,4.26,0.1207,0,4.51
4.67,56.1,5.24,4.39,0.0153,0,4.7
17.61,33.91,6.17,4.79,0.0225,0,5.49
9.85,36.69,7.52,6.71,0.1803,10,7.06
17.58,4.14,5.55,5.52,0.0513,0,5.54
6.55,51.87,5.94,4.82,0.0,0,5.62
6.3,17.13,4.54,4.32,0.0,0,4.03
5.64,36.9,4.23,4.01,0.0,0,4.57
6.24,58.75,6.13,5.09,0.0,0,6.14
14.63,35.73,4.37,4.35,0.077,0,4.67
2.38,43.48,6.49,5.72,0.0122,3,6.57
5.58,26.72,6.19,6.24,0.0,0,6.23
10.45,3.62,4.37,4.65,0.0192,0,4.65
3.27,47.86,5.2,4.97,0.1035,0,5.36
12.51,2.1,5.11,5.09,0.0358,0,5.18
11.84,42.04,0.76,1.73,0.341,39,1.77
7.06,1.38,6.5,6.14,0.0672,0,5.66
4.76,51.74,6.9,6.2,0.0599,9,6.97
16.39,9.46,4.31,3.77,0.0,2,3.51
17.79,30.86,6.48,5.84,0.0822,0,6.19
19.59,35.83,3.59,4.73,0.0768,0,4.98
9.0,27.45,5.8,5.26,0.0285,0,5.42
15.74,20.45,7.44,6.35,0.0947,15,6.97
10.91,28.07,6.51,6.03,0.0759,0,6.36
15.16,18.68,6.32,6.21,0.0,0,6.69
12.14,26.29,5.5,4.86,0.0,0,5.19
2.75,21.53,6.15,5.59,0.0,0,5.82
15.93,33.97,7.18,6.32,0.0034,6,6.76
19.29,14.28,5.85,5.32,0.0836,0,5.81
17.52,59.32,9.13,7.01,0.3113,46,8.31
18.54,30.05,5.78,5.21,0.0,0,5.59
6.22,11.65,2.99,3.58,0.0,0,3.44
11.89,28.62,6.54,6.17,0.0424,3,6.85
4.2,51.98,5.42,5.33,0.0913,0,6.12
10.55,1.31,4.39,4.18,0.0,0,4.25
7.86,40.77,5.5,4.91,0.0,1,6.11
7.73,32.88,6.77,5.92,0.0,0,6.37
6.8,10.17,7.17,6.55,0.0426,0,6.78
12.88,49.05,6.04,4.91,0.127,15,6.43
19.61,22.13,7.05,6.67,0.1174,23,7.48
18.67,17.63,5.17,4.6,0.0682,0,5.06
7.43,49.69,6.63,6.13,0.2314,16,7.28
10.53,38.31,6.04,5.34,0.0,0,5.83
6.67,53.9,5.71,5.12,0.0,3,6.11
10.41,37.79,4.62,4.0,0.06,0,4.62
7.07,44.45,5.04,4.57,0.0202,0,4.5
12.86,50.19,6.21,5.61,0.1217,4,6.18
6.12,3.28,5.58,5.66,0.0,0,5.58
17.8,46.56,2.4,3.27,0.0554,12,3.22
2.37,36.82,6.53,5.78,0.0,0,6.18
6.98,4.17,3.84,3.89,0.0124,0,3.91
15.71,30.51,3.96,3.83,0.038,0,4.67
11.53,4.95,5.31,4.98,0.0,0,5.12
3.98,44.16,4.57,5.27,0.0428,0,5.23
5.75,32.79,6.77,5.92,0.0309,0,6.57
12.31,57.21,4.2,3.51,0.0,0,3.85
10.33,10.99,6.02,5.47,0.0373,0,5.67
8.77,36.36,4.28,3.94,0.0734,16,3.09
15.42,12.69,3.36,3.34,0.0619,0,3.78
16.54,36.84,6.55,5.78,0.1336,16,6.79
8.67,43.36,6.81,5.87,0.073,6,6.54
5.74,43.34,6.99,6.14,0.0327,0,6.42
17.73,48.9,7.72,6.8,0.2627,45,8.16
3.35,51.21,6.53,6.12,0.1351,14,7.18
5.97,4.64,3.28,4.17,0.0442,0,3.92
14.41,20.6,5.98,6.09,0.0678,0,6.12
9.83,41.23,5.07,4.29,0.004,0,4.81
8.7,29.92,6.05,5.7,0.0087,0,5.86
5.14,11.44,6.03,5.98,0.0,0,6.34
5.41,33.16,4.13,3.59,0.0,0,3.87
3.65,24.45,2.89,2.68,0.0194,1,2.98
14.18,23.4,4.19,3.87,0.0,0,4.35
7.5,48.59,6.53,6.25,0.0,0,6.69
12.93,24.46,6.6,5.39,0.0498,0,5.8
7.33,1.59,5.62,5.55,0.0,0,5.61
9.47,3.48,3.71,3.85,0.0,0,3.81
5.53,51.37,7.36,6.93,0.145,17,7.52
5.56,57.64,4.8,4.19,0.0,0,5.43
5.4,41.3,5.66,5.53,0.0519,0,5.86
16.09,21.86,6.11,5.65,0.0224,0,6.22
9.77,56.32,4.77,4.28,0.0604,2,5.89
16.94,39.77,7.84,6.96,0.139,26,7.39
3.09,50.66,7.45,6.58,0.0547,9,6.95
11.79,45.95,5.83,5.25,0.0,0,5.82
12.69,22.75,5.79,5.42,0.0,0,5.58
15.7,28.72,6.7,5.54,0.0,0,5.87
9.1,11.17,4.34,4.14,0.0257,0,4.12
6.82,17.52,5.52,4.86,0.0,0,5.06
13.34,46.69,6.33,5.91,0.0931,13,6.84
9.9,53.64,6.38,5.1,0.0962,0,5.81
11.64,43.47,6.38,5.03,0.0,1,5.94
2.64,27.91,5.07,4.64,0.0,0,4.87
6.66,5.19,5.23,5.23,0.0,0,5.32
14.3,3.42,4.7,4.32,0.0655,0,4.49
13.16,22.46,5.14,4.73,0.0537,0,5.09
16.1,27.83,6.22,5.95,0.0,0,5.96
5.86,36.55,6.49,6.13,0.1482,12,7.2
13.01,0.39,5.51,5.35,0.0,0,5.48
15.18,59.38,8.02,6.66,0.1744,43,7.93
18.1,21.84,4.15,3.8,0.0812,0,4.29
11.48,50.89,6.44,5.39,0.0,0,5.56
11.19,32.1,6.04,4.81,0.0,0,5.49
16.46,7.83,5.41,5.34,0.0,0,4.9
13.74,47.85,8.37,7.27,0.4273,54,8.55
2.49,42.59,4.59,4.19,0.0,0,4.82
4.61,31.65,5.43,4.77,0.0,0,5.35
5.46,30.87,2.88,4.08,0.0437,0,3.58
16.23,5.25,5.82,5.49,0.0,0,6.15
16.38,39.35,7.25,6.43,0.1898,28,7.53
19.3,54.67,7.05,5.43,0.2047,31,7.04
5.81,5.59,5.89,5.94,0.0203,0,5.7
13.95,15.81,6.06,5.64,0.0465,0,5.88
11.42,54.14,4.82,4.17,0.0045,6,5.81
9.96,17.06,3.43,3.17,0.0689,0,3.38
7.26,39.24,2.65,3.05,0.1111,0,3.3
13.44,32.09,6.0,5.05,0.0,0,5.71
4.8,35.78,4.97,4.49,0.0,0,4.73
6.57,24.95,5.87,4.69,0.0,0,4.93
14.19,18.0,2.84,4.28,0.0,0,4.12
7.21,2.91,4.63,4.52,0.0745,0,4.69
16.51,44.66,3.53,3.6,0.0354,0,4.02
18.58,44.77,5.93,4.97,0.0,6,5.99
11.14,40.24,5.05,4.44,0.0,0,5.59
2.67,38.62,3.97,3.6,0.0,0,3.45
17.98,14.62,3.77,4.06,0.0561,8,3.55
9.45,1.34,4.38,4.3,0.0228,0,4.45
7.39,48.52,3.22,4.62,0.0,0,4.77
11.53,29.47,4.56,4.35,0.0,0,4.49
11.03,18.41,3.74,4.1,0.0,0,3.87
13.64,6.12,7.19,6.64,0.0,0,6.75
13.75,3.76,6.0,5.33,0.0128,0,5.48
16.25,20.93,5.18,4.72,0.0317,0,5.41
12.65,48.28,6.4,5.27,0.0966,3,6.07
2.68,55.12,4.6,4.23,0.0,0,4.79
6.42,53.81,6.21,5.9,0.0165,0,6.3
9.65,55.2,5.07,4.7,0.1096,14,6.05
19.57,54.46,6.06,5.0,0.1324,28,6.79
6.77,31.63,4.88,4.62,0.0,0,4.96
7.99,13.16,4.69,4.52,0.0,0,4.62
3.58,47.88,6.32,5.83,0.175,9,6.93
3.67,12.82,4.86,4.6,0.0366,0,4.88
5.7,16.03,4.13,3.85,0.0818,0,4.02
15.58,14.0,3.95,3.61,0.0934,0,4.58
17.75,30.9,5.47,5.24,0.0357,0,6.05
11.51,19.31,4.26,4.22,0.0,0,4.36
18.93,9.25,5.35,5.18,0.0,0,5.4
13.85,27.19,2.89,2.94,0.0,0,2.98
14.45,52.43,6.85,6.04,0.1384,28,7.29
17.68,34.23,6.86,6.07,0.0331,7,6.76
9.45,52.7,5.35,4.69,0.0,0,4.82
10.31,11.75,5.12,5.03,0.0,0,4.99
18.59,10.02,5.68,5.6,0.0657,0,5.85
18.51,34.53,5.73,5.38,0.1231,12,6.63
5.9,27.8,4.65,4.39,0.0759,0,5.04
18.53,39.61,0.59,1.43,0.3921,58,1.73
6.91,47.68,6.06,5.3,0.0,3,6.13
4.63,45.08,6.39,5.96,0.0108,0,6.51
11.15,56.54,5.4,5.17,0.0459,10,6.28
19.86,23.9,7.59,6.84,0.0339,19,7.32
12.08,12.38,5.54,5.23,0.0488,0,5.61
13.31,33.05,3.53,3.59,0.0,0,3.74
12.95,6.64,5.65,5.21,0.0196,0,5.3
2.33,17.33,4.07,3.81,0.029,0,4.23
4.56,12.47,4.68,4.56,0.0,0,4.87
4.81,23.79,5.61,5.37,0.0,0,5.03
7.57,6.67,4.13,3.95,0.0589,0,4.25
5.85,1.91,5.75,5.63,0.0283,0,5.62
3.87,39.41,4.51,4.14,0.0165,0,4.6
14.39,36.61,5.25,4.47,0.0104,0,5.47
2.4,42.5,4.57,4.11,0.0036,0,4.48
8.81,39.62,6.35,6.06,0.0,0,6.35
17.9,6.86,6.87,6.37,0.0699,0,6.7
15.5,17.46,5.05,4.9,0.0232,0,5.31
13.22,7.77,4.72,4.73,0.0684,0,4.8
6.1,50.58,5.96,5.49,0.0,0,5.74
5.97,44.81,6.47,5.7,0.0,0,6.26
6.29,12.09,5.97,5.75,0.0,0,5.84
3.61,20.48,5.64,5.44,0.0356,0,5.74
3.89,58.0,5.36,3.95,0.0,0,4.45
2.75,35.65,5.76,5.35,0.0046,3,6.42
5.93,48.07,3.82,5.13,0.0,0,5.0
2.24,15.88,6.0,5.68,0.0702,0,6.07
8.12,12.6,6.48,6.04,0.0,0,6.29
7.22,47.04,7.26,6.37,0.1949,12,6.98
18.07,41.15,5.46,4.52,0.0,0,5.44
16.22,40.86,4.73,4.14,0.0193,0,4.44
18.03,33.16,9.21,6.88,0.2235,34,7.57
2.46,33.81,6.05,5.62,0.0,0,5.84
16.28,44.14,5.56,5.4,0.0443,0,6.18
7.1,16.2,4.98,4.5,0.0,0,5.1
3.47,21.17,5.79,5.14,0.038,0,5.38
10.84,52.3,5.16,4.55,0.0827,5,5.88
12.67,18.53,4.64,4.24,0.1746,0,4.72
7.26,32.78,5.43,5.17,0.0204,0,5.82
3.46,42.16,6.8,6.26,0.0347,0,6.5
7.02,60.0,5.26,4.64,0.041,0,4.89
7.59,26.12,5.81,5.44,0.0,0,6.23
2.61,25.69,7.13,6.6,0.0116,0,6.77
7.47,50.56,6.9,6.08,0.1089,12,6.85
14.22,48.33,7.82,6.12,0.1635,24,7.08
18.54,43.86,6.87,5.8,0.1871,29,7.18
19.43,27.79,7.33,6.17,0.0,10,6.64
14.8,19.44,5.1,4.72,0.0,0,5.0
17.57,36.52,3.51,3.53,0.0133,0,3.76
12.88,52.57,6.3,5.2,0.1077,9,6.05
5.28,53.03,7.81,6.23,0.0174,8,6.69
2.55,6.51,2.9,3.62,0.0557,0,3.47
13.33,25.7,6.81,6.2,0.0152,0,6.45
16.14,27.88,5.42,4.89,0.0174,0,5.48
8.3,58.66,6.37,5.2,0.1524,17,6.54
10.52,40.68,4.26,3.9,0.0,0,4.32
3.11,24.43,4.96,4.83,0.0682,0,4.9
19.39,1.56,1.64,2.73,0.4361,36,2.33
11.66,33.92,5.49,5.3,0.0232,0,5.98
7.04,5.76,6.33,6.17,0.0,0,6.26
2.1,50.07,6.27,5.7,0.0043,0,6.15
8.98,45.15,5.84,5.36,0.0787,0,5.49
5.44,27.63,3.25,3.84,0.0054,0,3.73
18.41,25.75,7.08,6.03,0.0129,0,6.35
3.96,53.84,5.7,5.05,0.0453,0,5.7
19.18,17.31,4.55,4.62,0.0,0,4.99
5.58,14.94,6.22,5.83,0.0502,0,6.14
6.11,56.35,5.51,4.68,0.0,0,5.35
18.37,48.55,3.7,3.74,0.0,1,3.61
17.72,49.24,5.53,4.67,0.0431,23,6.43
19.89,11.71,4.76,4.28,0.021,0,4.8
15.19,8.6,3.29,3.36,0.0,0,3.34
6.45,1.56,6.1,5.92,0.0298,0,6.11
17.4,14.22,4.18,3.63,0.0368,0,4.03
17.67,46.45,7.95,6.41,0.1673,23,6.97
13.54,14.4,4.81,4.43,0.0,0,4.83
10.74,43.75,3.43,4.31,0.0205,0,4.21
2.78,15.11,4.9,4.78,0.011,0,4.84
6.06,23.72,5.01,4.82,0.0,0,5.17
13.08,58.99,5.57,4.7,0.1448,15,6.14
11.69,14.69,3.9,4.04,0.2196,24,2.95
13.47,22.58,4.22,4.03,0.0,0,4.58
12.06,18.07,5.46,4.96,0.0,0,5.41
5.72,6.58,6.49,6.27,0.0,0,6.46
18.23,29.39,2.56,3.97,0.0,0,3.54
5.47,22.72,5.87,5.73,0.0524,0,5.92
5.71,41.69,5.18,4.57,0.0,0,4.9
6.69,49.06,5.89,5.01,0.0,0,5.2
6.22,32.65,6.35,5.59,0.0,0,5.7
7.01,1.93,4.04,3.85,0.0176,0,4.07
2.34,37.14,5.78,5.64,0.0,0,6.44
6.49,3.32,4.75,4.88,0.0,0,4.82
7.11,36.98,6.42,5.31,0.0,0,6.17
8.23,41.1,4.51,4.33,0.0862,0,4.66
5.84,11.87,5.55,5.38,0.1612,4,4.04
7.72,49.16,5.21,4.88,0.0302,0,5.67
5.21,54.67,5.89,4.82,0.0,0,5.57
16.58,48.79,7.61,6.11,0.0752,22,6.83
5.48,18.31,5.67,5.56,0.0,0,5.92
14.21,35.2,6.55,5.27,0.0,6,6.24
7.82,54.89,5.42,4.82,0.0,0,5.57
9.28,19.24,6.08,5.66,0.0441,0,5.99
12.14,49.2,6.79,6.17,0.1514,25,7.18
4.97,0.57,5.36,5.33,0.0009,0,5.35
7.49,0.22,5.67,5.59,0.0315,0,5.58
15.97,45.58,6.38,4.98,0.0752,16,6.27
11.59,45.69,7.75,6.95,0.1031,18,7.41
9.47,47.34,4.03,4.0,0.0258,0,4.43
11.84,55.8,5.19,4.82,0.0,0,5.79
7.47,7.07,5.12,4.65,0.0712,0,4.85
16.98,13.92,6.85,6.23,0.0211,0,6.64
5.88,54.22,5.67,4.52,0.0238,0,5.14
15.88,10.63,5.38,5.07,0.0,0,5.22
6.03,40.93,4.91,4.46,0.0036,0,5.15
19.33,31.83,4.69,3.21,0.0531,6,3.88
5.56,4.99,5.68,5.41,0.0,0,5.46
6.53,17.12,6.69,6.21,0.0154,0,6.44
17.14,31.22,-0.4,2.53,0.2689,45,1.88
4.69,51.14,5.71,4.98,0.0,0,5.58
12.17,42.45,7.34,6.12,0.0,1,6.53
7.9,37.31,4.29,4.36,0.0309,0,4.99
10.56,29.76,6.94,6.44,0.0,0,6.87
7.77,17.92,4.71,4.49,0.0,0,4.73
4.13,7.15,3.85,3.74,0.0867,0,3.8
7.49,24.54,5.23,4.66,0.0253,0,4.83
3.51,1.71,5.37,5.15,0.0,0,5.22
7.49,12.66,5.25,5.23,0.0,0,3.9
13.84,25.95,5.75,5.61,0.0,0,5.83
14.4,25.12,6.21,5.66,0.0,0,5.95
13.07,2.66,6.13,6.07,0.0318,0,6.04
5.94,35.34,4.89,4.34,0.0432,0,4.72
6.74,32.98,6.02,5.72,0.055,0,5.18
13.33,4.69,4.09,4.05,0.1053,8,3.21
9.31,56.59,5.82,4.81,0.0,8,6.0
19.1,5.96,3.25,3.79,0.0028,0,3.67
16.43,51.29,7.09,6.2,0.1483,16,6.88
19.59,0.02,4.27,4.06,0.0259,0,4.28
5.56,52.94,8.03,6.65,0.1426,18,7.02
9.28,1.18,5.77,5.81,0.0145,0,5.94
7.93,45.47,6.36,5.56,0.0,0,6.05
2.56,21.7,4.08,3.71,0.0,0,4.02
8.63,44.29,6.8,6.35,0.0,6,6.82
15.18,24.1,5.12,4.32,0.0,0,4.23
4.54,4.25,5.85,5.83,0.0587,0,5.87
6.77,46.05,8.85,7.26,0.185,19,7.59
18.32,4.28,4.34,4.59,0.0143,0,4.62
15.41,55.33,6.81,6.3,0.083,17,7.08
10.92,3.06,6.74,6.13,0.0,0,6.37
3.18,28.76,5.63,5.42,0.0,0,5.87
11.84,43.38,4.51,4.43,0.0321,0,4.92
3.0,23.59,4.33,4.16,0.0197,0,4.77
7.54,13.03,5.78,5.72,0.0,0,5.87
6.93,45.55,6.69,5.7,0.0,3,6.17
17.79,47.06,5.97,5.13,0.0743,1,6.08
16.35,55.36,7.92,6.49,0.1656,28,7.16
14.16,22.57,6.06,5.34,0.0,0,5.85
10.46,30.38,6.62,6.22,0.0384,0,6.53
8.15,21.79,5.3,5.34,0.0447,0,5.72
16.64,15.42,5.37,5.1,0.0,0,5.74
12.3,45.06,5.35,4.52,0.0207,0,5.09
8.37,20.38,4.99,4.73,0.0722,0,5.08
7.93,25.69,7.06,6.15,0.0,0,6.45
7.48,24.22,6.06,5.55,0.0227,0,5.98
16.66,42.76,2.17,3.07,0.0198,0,2.95
8.43,55.07,3.3,3.18,0.056,0,4.3
12.9,40.01,6.73,5.68,0.2193,28,7.28
2.98,28.29,5.48,4.87,0.0,0,5.4
13.69,46.75,1.34,3.46,0.2169,27,2.89
18.16,38.46,7.84,6.21,0.1012,19,6.84
18.02,3.64,4.38,4.3,0.0332,0,4.3
11.77,5.74,6.02,5.77,0.0138,0,5.9
5.23,2.28,4.68,4.61,0.0123,0,4.63
3.46,27.41,4.86,4.67,0.0586,0,4.78
14.09,49.55,5.23,4.35,0.0,0,4.63
13.37,18.78,6.85,6.35,0.0076,0,6.61
14.77,23.05,5.2,4.68,0.0431,0,5.54
7.46,54.57,5.07,3.49,0.0271,7,3.99
14.7,50.21,3.54,3.99,0.0,0,4.26
7.74,39.9,6.5,6.02,0.0236,0,6.51
16.26,16.01,6.31,5.87,0.0,0,5.75
10.09,7.02,4.73,4.95,0.0,0,4.5
15.65,0.96,5.86,5.79,0.0327,0,5.81
6.57,6.42,5.03,5.16,0.0525,0,5.37
11.12,17.56,6.12,5.91,0.0,0,6.12
7.64,33.11,5.72,5.04,0.0368,0,5.29
8.4,3.84,6.36,5.92,0.0,0,6.32
7.25,8.17,4.68,4.43,0.0,0,4.72
14.46,10.86,3.74,4.35,0.0,0,4.12
13.81,37.92,4.21,4.08,0.0059,0,4.53
10.3,36.95,5.95,5.65,0.0,0,5.82
12.24,33.05,5.89,5.33,0.0,0,5.55
13.96,15.03,5.38,4.96,0.0,0,5.13
5.8,22.27,5.83,5.66,0.0043,0,5.52
15.47,5.8,5.79,5.38,0.0701,0,6.21
3.54,13.59,6.09,5.8,0.0,0,6.05
8.03,53.86,5.88,5.08,0.0,0,5.58
8.21,58.78,7.09,6.62,0.2703,41,8.02
4.25,38.86,7.05,6.43,0.0692,10,7.06
5.76,55.01,7.45,6.09,0.1905,22,7.17
16.23,38.56,6.03,5.38,0.0,0,6.17
16.91,1.99,4.07,3.81,0.0752,0,4.24
8.04,59.81,5.54,5.94,0.0,0,6.01
19.39,5.94,4.96,4.44,0.0,0,4.91
12.54,40.96,7.07,5.23,0.0,0,5.77
5.58,15.17,5.1,4.58,0.0,0,4.85
15.6,23.52,6.28,5.96,0.0413,5,6.73
2.1,38.76,6.42,5.86,0.0544,0,6.07
6.28,26.19,7.03,6.36,0.0,0,6.6
8.3,15.03,5.68,5.53,0.0,0,5.72
5.13,20.07,6.13,6.09,0.0,0,6.16
15.74,20.49,6.46,5.77,0.0141,0,6.0
10.17,57.56,6.46,5.37,0.0808,18,6.78
3.59,47.92,6.73,6.12,0.1019,12,7.16
10.08,27.51,6.19,5.59,0.0742,0,6.06
17.29,11.99,4.9,4.78,0.0,0,4.5
6.96,48.66,8.01,6.94,0.207,30,7.81
5.02,9.43,6.67,6.12,0.0,0,6.32
10.11,12.63,6.22,5.97,0.0,0,6.18
11.13,21.96,6.6,6.11,0.0523,6,6.93
10.23,52.82,5.56,5.66,0.0221,0,6.14
16.45,7.91,5.22,5.26,0.0,0,5.25
6.45,7.33,4.07,3.97,0.0,0,3.99
10.27,29.64,5.01,4.75,0.0,0,4.97
2.6,16.58,6.27,6.02,0.0437,0,6.23
6.0,34.12,4.67,4.42,0.0098,0,4.34
19.14,27.1,4.96,4.38,0.0152,0,4.9
19.79,26.1,6.28,5.25,0.0,0,5.8
6.33,6.72,4.46,4.02,0.0,0,4.51
9.37,8.46,4.72,4.85,0.0,0,4.83
10.59,49.26,5.42,4.82,0.0347,0,5.89
16.65,53.15,6.37,6.16,0.057,0,6.18
4.5,14.08,5.25,5.13,0.0,0,5.27
14.67,6.81,3.07,4.21,0.0408,0,3.82
16.36,3.21,4.56,4.56,0.0,0,4.63
6.93,36.5,1.29,3.07,0.2613,23,2.67
17.5,42.92,5.62,4.99,0.1372,30,6.83
15.58,22.37,5.17,5.16,0.0408,0,5.4
13.66,40.78,5.59,5.18,0.0479,0,5.17
18.35,42.78,5.98,5.39,0.1368,23,6.87
15.5,56.12,6.64,5.75,0.1678,30,7.08
7.57,3.89,4.63,4.54,0.0348,0,4.51
11.45,11.54,6.79,6.41,0.0242,0,6.65
12.41,4.11,4.92,4.7,0.0,0,4.81
4.68,52.08,6.42,5.54,0.0991,0,5.93
19.32,47.56,6.1,5.0,0.0562,4,6.28
6.93,34.48,6.64,6.44,0.0,0,6.62
15.46,5.02,5.7,5.47,0.0,0,5.94
12.59,16.4,6.14,6.19,0.0,0,6.36
5.38,17.86,4.98,4.75,0.0236,0,4.86
18.87,33.64,3.48,3.82,0.0,0,4.25
17.78,15.48,5.79,5.66,0.0623,0,6.41
12.86,4.38,5.8,5.68,0.0,0,5.73
7.98,43.85,6.74,5.94,0.0177,4,6.73
6.82,17.94,4.78,4.42,0.0,0,4.57
6.9,27.14,3.4,5.09,0.0,0,4.36
4.59,7.66,3.55,3.62,0.0247,1,3.11
12.6,48.15,6.69,5.08,0.0321,13,6.04
19.5,33.93,6.35,5.75,0.0661,5,6.47
13.62,54.1,3.95,4.31,0.0134,0,4.79
18.35,29.73,5.41,4.84,0.0201,0,4.77
14.76,56.49,5.17,4.9,0.1345,14,6.2
12.13,53.51,6.81,5.65,0.0,2,6.37
4.5,34.59,5.89,5.08,0.0376,0,5.61
12.07,56.03,8.26,6.82,0.3174,41,7.85
2.56,19.39,4.45,4.29,0.0,0,4.59
9.37,21.94,4.51,4.24,0.0,0,4.55
7.24,2.73,6.42,6.21,0.0,0,6.54
17.83,35.35,7.21,6.05,0.0505,17,6.88
3.27,43.32,6.67,5.98,0.0465,0,6.34
18.34,46.41,4.68,4.41,0.0,0,4.17
19.07,8.99,2.7,3.4,0.0488,0,3.43
5.8,26.65,6.34,5.68,0.0,0,6.13
2.98,10.61,4.19,4.22,0.1046,0,4.42
10.62,39.73,5.35,4.35,0.0167,0,4.96
7.11,9.48,3.78,3.71,0.007,0,3.83
16.9,54.25,6.22,5.24,0.0,8,6.24
4.44,13.84,6.11,5.71,0.0364,0,6.0
6.57,17.48,6.52,5.83,0.0641,0,6.03
2.86,51.05,4.89,4.22,0.0866,0,4.77
7.02,27.51,4.45,4.32,0.0,0,4.43
17.21,1.44,5.39,5.13,0.0332,0,5.54
5.52,29.68,4.99,4.42,0.0293,0,5.41
19.24,5.07,4.27,4.7,0.0,0,5.11
10.09,59.12,6.11,5.09,0.0843,9,5.93
6.62,35.29,6.18,5.78,0.0083,0,6.22
12.6,15.39,3.32,4.24,0.0,0,4.09
6.29,33.82,4.16,4.33,0.0757,4,3.81
19.54,4.61,7.12,6.68,0.0853,6,7.02
6.39,47.99,7.18,6.5,0.0832,9,6.99
3.4,55.52,6.64,5.45,0.0,0,6.18
12.88,52.47,7.62,6.53,0.0489,15,6.97
10.53,20.51,3.45,3.52,0.0,0,4.38
5.99,19.55,5.0,4.71,0.0005,0,4.8
3.42,2.11,3.07,4.9,0.444,8,2.65
13.78,39.08,6.31,5.19,0.0,2,5.8
9.21,32.09,4.68,4.1,0.1074,0,5.27
4.49,27.56,5.9,5.38,0.157,0,4.92
3.55,54.46,7.25,5.94,0.0522,0,6.34
11.75,10.07,5.84,5.58,0.0474,0,5.7
13.16,0.58,3.5,5.29,0.0,0,4.9
4.69,4.4,5.03,5.26,0.0,0,5.11
4.93,13.4,5.47,5.38,0.0203,0,5.5
3.23,2.0,3.7,3.78,0.0,0,3.7
6.21,30.17,4.04,3.86,0.0,0,3.31
4.15,18.85,4.64,4.57,0.0,0,4.69
7.97,10.83,5.77,5.35,0.0,0,5.27
12.7,45.01,5.87,5.35,0.0489,0,6.3
4.92,12.27,5.3,4.63,0.0,0,4.83
5.83,41.26,6.15,4.95,0.0,0,5.34
7.5,20.96,4.9,4.68,0.0,0,5.06
6.8,30.71,5.48,5.44,0.0509,0,5.54
4.71,56.03,4.64,3.75,0.0,0,4.2
17.83,2.24,4.38,4.47,0.051,0,3.93
6.38,30.02,4.08,4.76,0.0538,0,4.58
17.52,51.27,7.79,5.67,0.0547,13,6.39
10.41,35.28,6.69,5.89,0.0901,0,6.37
14.18,16.61,5.71,5.81,0.0403,0,5.94
3.47,23.86,4.7,4.57,0.0445,0,4.61
7.49,40.82,6.32,5.78,0.0,0,6.26
8.24,53.45,5.75,5.11,0.0,0,5.3
7.71,2.46,5.51,5.68,0.0,0,5.65
5.2,4.29,3.66,3.75,0.0,0,3.74
5.79,19.5,4.78,4.47,0.027,0,4.65
5.26,13.97,3.96,3.91,0.0,0,3.99
2.78,15.9,4.67,4.65,0.0,0,4.82
14.84,13.28,2.68,3.4,0.0488,0,3.67
14.13,11.75,5.29,4.85,0.0,0,5.02
11.18,7.84,4.75,5.35,0.0,0,5.26
12.11,56.04,6.98,6.59,0.2708,38,8.06
11.22,8.65,4.08,3.84,0.0291,0,3.9
3.32,12.26,5.06,4.87,0.0453,0,4.98
8.45,14.78,5.55,5.46,0.0,0,5.54
5.09,55.98,6.7,6.01,0.0069,0,6.22
7.56,45.34,6.43,5.81,0.0376,10,6.53
8.04,47.38,7.61,6.83,0.2265,20,7.47
18.35,6.29,5.33,5.04,0.005,5,6.37
17.89,50.18,8.0,6.56,0.1944,30,7.31
6.15,24.49,6.35,5.67,0.0133,0,6.07
7.91,15.77,4.68,4.41,0.0487,0,4.8
12.43,34.55,5.01,4.25,0.0,0,5.06
14.14,49.33,4.82,4.93,0.0412,0,5.12
5.51,46.72,7.72,6.77,0.2275,25,7.53
15.75,53.4,5.43,5.12,0.0,0,5.67
13.92,55.69,5.4,4.45,0.1239,14,6.27
9.87,14.29,5.86,5.58,0.0,0,5.9
5.38,25.43,7.11,6.25,0.0199,0,6.51
16.25,0.88,3.82,3.79,0.0,0,3.91
6.31,52.76,7.1,5.89,0.0,2,6.36
6.66,9.27,4.98,5.05,0.0,4,4.38
11.3,51.69,6.35,5.76,0.111,15,6.84
13.66,19.76,6.93,6.29,0.1686,11,7.19
7.35,22.09,6.07,5.62,0.0571,0,5.66
2.47,2.35,5.86,5.83,0.0247,0,5.87
10.57,19.61,6.61,6.14,0.0443,0,6.5
8.13,53.3,4.59,4.23,0.0371,0,5.37
16.63,1.53,6.61,6.2,0.0343,0,6.55
4.34,24.38,5.93,5.34,0.0157,0,5.89
6.4,1.88,4.27,4.56,0.0,0,3.99
6.11,22.26,4.85,4.34,0.0032,0,4.58
7.97,10.36,4.8,4.67,0.0863,0,4.77
3.43,15.13,4.95,4.94,0.0472,0,5.15
5.3,52.66,6.2,5.57,0.0109,9,6.69
4.47,26.16,5.17,4.58,0.0,0,4.8
14.93,16.43,3.81,4.16,0.1279,10,3.28
9.67,35.36,5.14,5.06,0.0,0,5.5
9.8,8.53,4.05,4.2,0.0013,0,4.34
7.79,15.56,6.72,6.31,0.0,2,7.06
4.05,32.77,5.26,5.28,0.0,0,5.44
4.03,14.25,5.89,5.81,0.0,0,6.08
18.94,40.75,7.79,6.65,0.2036,32,7.46
8.34,29.49,4.92,4.84,0.0,0,5.58
20.0,46.32,6.72,5.96,0.2585,33,7.31
7.57,56.89,6.81,5.96,0.0775,6,6.7
16.57,6.95,7.06,6.3,0.0,0,6.64
6.74,20.08,6.8,6.43,0.0,0,6.82
6.21,19.17,6.27,6.0,0.0,0,6.6
18.12,9.07,6.11,5.66,0.0066,0,5.85
17.88,48.62,7.4,6.77,0.1167,14,7.01
11.05,45.59,7.7,6.76,0.2665,33,7.83
4.21,29.07,4.6,4.1,0.0,0,4.97
6.62,32.27,5.68,5.16,0.0,0,5.79
17.79,3.57,5.11,6.47,0.1086,0,6.18
4.4,33.33,6.84,6.36,0.0495,1,6.99
12.86,47.48,6.73,5.83,0.1956,22,6.97
4.44,34.43,6.65,6.07,0.0,0,6.35
10.31,15.92,6.27,5.78,0.0089,0,6.11
4.9,40.05,5.76,5.49,0.0,0,5.99
7.49,21.69,2.3,4.02,0.0,0,3.67
7.24,32.69,5.82,5.48,0.0,0,5.82
2.52,29.25,4.7,4.0,0.0,0,4.21
14.86,22.87,2.59,4.7,0.0,0,3.61
7.92,43.13,5.78,5.04,0.0234,0,5.9
10.86,53.03,4.16,4.59,0.0,0,4.79
19.2,0.31,3.72,3.81,0.0,0,4.0
8.7,56.02,9.41,7.81,0.4977,53,8.59
7.1,30.69,5.62,5.1,0.0,0,5.28
3.73,42.04,6.85,6.21,0.0105,7,7.01
7.71,51.34,5.13,5.0,0.0,0,5.74
19.06,28.03,4.19,4.14,0.0181,0,4.8
2.9,50.1,6.4,5.72,0.0,5,6.64
11.87,10.66,4.22,3.74,0.0,0,3.74
13.54,9.55,5.21,5.26,0.0,0,5.46
15.39,39.45,6.67,5.63,0.0196,0,6.23
13.88,52.21,4.33,5.27,0.0417,0,5.42
7.76,53.55,6.36,5.83,0.0284,2,6.42
2.27,38.62,5.48,5.16,0.0239,0,5.85
9.5,31.53,4.39,4.14,0.0221,0,4.45
8.21,19.88,4.57,4.2,0.0,0,4.37
5.57,58.8,6.68,5.54,0.0,0,6.27
5.65,19.18,5.43,5.36,0.0535,0,6.04
6.0,44.65,7.26,6.61,0.1444,13,7.18
15.18,31.92,5.92,5.18,0.0,0,6.15
14.91,36.51,5.46,4.86,0.0197,0,6.03
14.22,23.61,6.78,5.67,0.0312,1,6.24
4.76,57.89,4.86,4.41,0.0573,0,4.68
12.2,34.3,4.86,4.05,0.0376,0,4.49
18.06,56.27,7.25,6.1,0.0349,13,6.82
6.11,0.46,5.55,5.31,0.0064,0,5.46
18.9,34.36,4.29,4.06,0.0645,0,4.9
6.59,43.03,5.08,5.8,0.0,0,6.16
8.86,44.7,6.89,5.89,0.0869,9,6.55
13.46,54.3,5.21,4.91,0.0,0,5.72
5.89,0.26,4.76,4.83,0.0,0,4.95
7.07,0.02,4.0,3.87,0.0088,0,3.9
13.87,28.34,6.34,6.0,0.0322,3,6.75
9.72,1.76,4.91,4.82,0.0,0,5.22
5.79,58.47,7.23,6.0,0.0402,13,6.69
19.23,13.32,4.95,4.8,0.0,0,5.14
14.62,28.36,6.31,6.0,0.0,0,6.21
18.15,3.67,3.91,3.63,0.0678,0,3.58
5.76,31.32,4.16,4.07,0.0,0,4.36
10.35,22.8,5.95,5.43,0.0,0,5.76
6.82,2.68,5.54,5.38,0.0,0,5.43
15.14,20.11,5.62,5.77,0.0289,0,5.91
19.4,23.49,5.39,5.19,0.0195,0,5.39
5.01,59.4,6.22,5.63,0.1599,20,6.98
18.12,12.47,6.75,5.74,0.0,0,6.13
18.86,32.69,4.71,4.99,0.0404,0,4.07
2.79,59.24,7.49,6.56,0.2155,26,7.68
18.97,47.52,3.0,3.78,0.0392,3,3.91
10.97,59.6,6.43,5.25,0.1536,16,6.29
2.54,58.1,3.86,4.25,0.0376,0,4.56
15.54,29.37,6.09,5.81,0.0,0,5.59
7.12,41.78,6.28,5.8,0.0803,4,6.48
18.6,6.63,4.34,4.19,0.0,0,4.33
12.27,26.47,6.63,6.09,0.0187,0,6.61
11.9,48.54,4.93,4.07,0.0397,0,5.16
13.5,30.32,7.62,6.67,0.1859,15,7.13
7.24,42.16,7.04,6.41,0.1513,16,7.23
12.04,44.75,4.96,4.83,0.0,0,5.11
17.47,15.21,5.62,5.26,0.084,0,5.37
5.23,52.54,8.08,7.0,0.3621,41,8.14
5.74,27.59,4.69,4.44,0.0681,0,4.9
5.04,12.61,4.16,3.84,0.1447,5,3.6
6.73,51.92,6.79,6.34,0.2568,19,7.47
3.4,25.07,5.6,4.97,0.0003,0,5.42
5.84,45.02,6.32,5.48,0.0,0,4.96
19.18,32.88,5.75,4.68,0.0117,0,5.39
14.13,22.91,7.17,6.43,0.0,3,6.94
8.82,48.59,2.93,3.06,0.0286,0,3.36
2.76,35.07,1.64,2.82,0.2401,14,2.39
16.63,23.43,2.19,1.77,0.1722,23,2.33
13.62,6.58,4.97,4.71,0.0599,0,4.79
15.43,53.73,7.14,5.59,0.0045,12,6.27
18.86,2.13,5.74,5.53,0.0319,0,5.66
15.69,51.79,6.62,5.41,0.103,20,6.65
10.53,21.6,6.62,5.9,0.0,0,6.55
15.7,38.36,5.86,4.99,0.0637,7,6.13
2.63,55.33,5.48,4.47,0.0,0,5.04
5.04,9.1,5.83,6.0,0.053,0,6.05
11.09,34.02,6.58,5.73,0.0096,0,6.15
7.62,45.87,5.42,5.11,0.0,0,5.99
5.35,45.46,5.11,4.7,0.0815,0,5.0
7.0,31.54,5.63,5.42,0.0348,0,5.78
14.82,37.48,6.9,6.13,0.0,6,6.66
17.03,45.45,5.37,5.07,0.0,0,4.76
19.82,50.46,6.92,5.77,0.1417,33,7.29
10.2,45.71,6.95,5.79,0.0158,0,6.32
13.99,21.24,5.92,5.53,0.0047,0,6.02
19.06,59.8,6.37,4.74,0.0,0,6.0
7.51,26.07,5.59,5.58,0.0647,0,5.78
15.76,1.47,6.06,5.52,0.0228,0,5.88
16.32,21.76,3.76,3.89,0.0376,0,3.51
6.33,7.67,4.79,4.35,0.0106,0,4.5
17.92,7.29,4.74,4.34,0.0,0,4.75
17.2,16.89,4.43,3.86,0.0,0,4.63
5.5,3.2,5.15,5.01,0.1008,0,5.12
6.37,41.31,4.95,4.61,0.0037,0,5.86
4.92,4.44,2.98,3.16,0.0665,0,3.15
4.0,12.2,3.64,4.58,0.0602,0,4.26
12.64,5.57,5.35,5.24,0.0116,0,5.53
3.43,3.79,5.5,5.29,0.0,0,5.03
7.7,16.07,4.91,4.71,0.0,0,4.83
3.83,34.31,6.81,5.98,0.0,0,6.24
3.01,57.88,6.7,5.64,0.0,0,6.22
4.76,52.53,6.36,5.76,0.0,0,5.66
9.5,52.56,5.17,4.69,0.089,0,6.01
12.97,10.56,5.14,4.82,0.0,0,5.0
11.12,15.89,4.05,3.78,0.0,0,3.76
9.11,4.58,3.87,3.78,0.0,0,3.88
5.31,46.71,7.05,6.13,0.0,0,6.43
17.29,4.19,5.85,5.93,0.0019,0,6.07
19.94,33.4,4.46,4.02,0.0,0,4.1
7.79,14.87,5.82,5.57,0.0,0,5.65
10.72,14.61,6.14,5.56,0.0453,0,5.86
14.27,59.44,7.87,6.27,0.102,31,7.0
15.78,45.41,5.15,4.69,0.0,0,5.68
10.88,50.22,5.11,5.19,0.0,0,5.44
18.57,34.32,4.81,4.61,0.0,0,4.88
3.24,52.26,7.41,6.26,0.0531,0,6.89
11.76,38.73,3.62,5.05,0.0,0,4.73
2.13,56.77,6.73,6.31,0.0612,3,6.71
19.29,16.88,6.83,6.35,0.068,0,6.88
16.92,35.72,4.3,5.18,0.0,0,5.09
5.6,41.41,6.88,6.27,0.1144,8,6.94
9.98,23.58,5.85,4.78,0.0,0,5.27
3.23,52.78,7.27,6.17,0.0229,7,6.64
6.45,58.79,6.07,5.18,0.021,0,5.94
2.31,29.63,5.36,5.09,0.0337,0,5.48
7.12,23.44,5.46,5.47,0.0204,0,5.63
15.97,28.32,4.13,5.6,0.0,0,5.34
19.84,51.16,5.17,5.12,0.0267,0,5.45
4.12,38.73,6.39,6.09,0.0115,0,6.34
18.12,2.69,5.74,5.36,0.0,0,5.6
16.5,32.53,5.47,4.78,0.0,0,5.22
10.43,1.04,2.96,4.03,0.0262,0,3.8
16.01,46.71,5.92,5.08,0.0,0,5.65
3.07,19.7,3.93,3.96,0.0,0,4.2
16.84,28.32,6.17,5.33,0.022,2,6.29
12.98,47.92,5.51,4.53,0.0004,0,5.18
9.38,2.79,5.81,5.49,0.1041,0,5.78
7.66,9.51,4.88,4.76,0.0,0,4.56
14.62,23.88,7.03,6.13,0.0977,16,7.05
4.26,13.8,4.24,4.24,0.0248,0,4.16
7.54,20.27,4.68,4.38,0.0715,0,4.92
11.5,59.89,5.52,4.39,0.0,0,5.56
13.54,49.52,6.35,6.1,0.1006,20,7.13
18.15,53.03,4.89,4.59,0.084,15,6.21
5.95,56.22,5.42,4.85,0.1944,10,6.31
12.93,20.46,4.38,4.4,0.0,0,4.82
3.59,17.82,5.68,5.59,0.0,0,5.85
6.03,14.04,0.6,3.24,0.4368,24,1.88
16.19,49.81,3.94,4.84,0.0801,0,4.46
8.07,40.77,5.59,5.32,0.0432,2,6.28
10.57,14.17,4.81,4.84,0.0,0,4.94
14.51,22.62,7.98,6.9,0.0631,15,7.26
5.27,30.4,5.85,5.87,0.0,0,6.07
15.84,31.69,5.91,5.28,0.0226,0,5.68
5.06,53.32,5.95,5.57,0.0037,0,5.66
10.99,22.83,2.26,3.83,0.0781,5,3.0
11.72,54.51,5.22,4.28,0.1402,19,6.06
3.71,26.48,6.78,6.15,0.0,0,6.38
16.63,44.78,7.02,6.15,0.2051,33,7.5
9.32,55.82,4.98,4.13,0.0562,8,5.66
5.24,54.45,6.45,6.23,0.1399,18,7.18
2.46,3.42,5.49,5.35,0.0,0,5.5
13.45,12.34,4.16,4.46,0.0451,0,4.41
2.61,28.61,5.97,5.54,0.0,0,5.83
9.65,25.89,4.46,4.68,0.0001,0,4.8
18.5,38.45,4.54,4.22,0.0,0,5.3
15.32,56.68,6.57,5.13,0.0,0,5.59
19.79,6.74,3.79,3.77,0.0,0,4.02
16.51,27.11,5.87,5.57,0.0,0,6.32
19.13,11.54,6.54,5.67,0.0,0,5.95
8.24,53.65,7.38,6.04,0.1605,12,6.56
16.57,57.87,7.05,5.48,0.0314,15,6.41
6.7,28.72,4.76,4.34,0.0,0,3.68
15.06,6.24,4.39,4.12,0.0108,0,4.41
12.04,47.12,5.08,4.46,0.0723,0,4.45
10.2,41.83,6.59,5.79,0.0,0,5.82
17.94,21.28,7.32,6.77,0.1274,9,7.14
17.81,53.24,7.46,6.75,0.2296,33,7.47
5.33,58.55,5.25,5.38,0.0,0,6.02
14.14,33.47,2.8,3.25,0.0811,4,3.3
10.52,33.94,2.21,3.78,0.1324,3,3.36
11.23,17.85,4.93,4.72,0.0524,0,4.89
17.48,35.07,4.15,5.03,0.0974,0,4.96
9.65,26.38,5.68,5.68,0.0391,0,5.75
6.46,18.13,2.72,3.36,0.0,0,3.21
7.69,4.03,3.83,3.89,0.0462,0,3.86
14.94,15.16,6.67,5.9,0.0,0,6.54
7.02,11.87,2.38,2.59,0.0,0,2.79
8.78,32.52,1.03,2.4,0.3976,41,1.99
3.81,36.1,5.5,5.12,0.0215,0,5.98
17.52,36.51,5.87,4.91,0.0,0,5.4
16.43,23.29,4.88,4.83,0.0,0,5.08
3.53,25.27,6.51,6.15,0.0,0,6.67
13.01,50.05,6.9,5.58,0.0115,0,6.22
5.93,28.57,3.84,3.84,0.0331,0,3.94
8.13,59.27,3.49,3.53,0.0,0,3.66
2.34,26.38,5.03,4.5,0.0844,0,4.75
2.85,38.97,5.55,4.91,0.0556,0,5.37
17.65,3.02,4.27,4.36,0.0,0,4.37
15.77,39.2,2.1,3.57,0.1476,7,3.19
19.15,51.09,7.68,6.62,0.1917,32,7.44
7.02,56.55,5.38,4.64,0.0654,0,5.51
19.11,59.84,4.11,5.26,0.0034,0,5.29
13.32,16.93,6.84,5.98,0.0,0,6.2
14.0,34.52,6.66,6.13,0.0254,9,6.72
3.02,27.04,4.8,4.46,0.0,0,4.73
14.63,33.83,6.21,6.12,0.0645,5,6.64
5.46,9.45,4.94,4.84,0.0,0,4.89
15.86,51.37,6.95,5.93,0.1656,15,6.63
18.58,54.57,6.97,6.36,0.2674,47,7.89
16.93,26.98,5.29,4.7,0.0,0,5.35
13.76,16.83,6.64,5.97,0.0,3,6.66
2.13,8.45,4.56,4.47,0.0,0,4.59
19.85,41.03,5.7,4.75,0.069,0,5.24
6.36,18.73,5.73,5.33,0.0,0,5.53
3.78,54.57,5.04,4.44,0.0578,0,5.14
9.25,40.26,7.82,6.46,0.0214,9,6.97
14.6,38.74,5.96,5.78,0.0019,0,6.01
6.18,33.56,5.8,5.22,0.0761,0,5.59
7.3,2.75,5.8,5.61,0.003,0,5.68
8.1,55.92,5.52,4.94,0.0536,9,6.08
14.32,37.68,4.39,4.17,0.0,0,4.72
6.15,59.64,1.5,3.67,0.0428,10,3.34
8.98,32.24,2.74,3.53,0.0571,2,3.49
17.53,42.61,5.61,5.06,0.0,0,5.84
9.91,3.37,2.39,2.65,0.0027,0,2.63
12.32,37.9,4.65,4.13,0.0,0,4.97
2.44,45.88,6.45,5.67,0.0,0,6.1
8.41,46.71,6.04,4.87,0.0119,0,5.25
4.42,46.21,1.15,1.68,0.5827,51,1.67
7.52,13.58,4.94,4.35,0.0442,0,4.71
16.33,58.52,8.92,7.12,0.1743,25,7.26
18.52,59.71,8.17,6.0,0.3314,41,7.21
18.73,4.54,4.72,4.63,0.0,0,4.78
16.65,56.19,6.47,5.98,0.0219,0,5.6
8.42,17.37,5.09,5.12,0.0007,0,5.09
4.41,41.36,7.29,6.17,0.0,3,6.74
10.76,20.29,5.05,4.28,0.088,0,4.8
7.12,58.07,8.68,7.02,0.3095,31,7.75
15.66,6.09,6.69,6.27,0.0,0,6.55
4.41,29.86,6.31,5.49,0.0005,0,5.97
5.66,25.68,4.6,4.74,0.0392,0,5.0
17.55,19.56,2.64,4.39,0.0,0,3.47
6.82,38.73,5.89,5.31,0.0,0,6.12
2.92,7.86,4.36,3.93,0.0,0,4.06
15.02,43.0,3.06,3.63,0.1962,18,3.06
11.44,58.84,6.12,4.91,0.1163,11,6.14
2.91,48.27,7.49,6.73,0.0549,11,7.27
5.98,51.6,7.32,6.33,0.1038,14,6.94
6.24,21.58,6.59,6.14,0.0361,0,6.37
16.47,19.49,6.4,5.47,0.0,0,5.71
18.73,31.02,4.53,4.11,0.0296,0,4.93
11.2,2.74,4.27,4.09,0.0,0,4.3
11.35,56.72,6.18,5.45,0.2065,34,7.35
15.54,8.63,6.14,5.39,0.0,0,5.63
7.92,54.18,6.99,5.71,0.2107,23,7.01
9.01,5.01,4.02,3.97,0.0,0,4.25
11.6,49.36,5.66,4.2,0.0517,0,4.67
16.94,9.12,5.38,5.34,0.0124,0,5.85
7.47,2.29,5.71,5.78,0.0,0,6.1
5.32,43.17,5.75,4.87,0.0,0,5.31
3.05,16.82,4.63,4.5,0.0,0,4.55
7.8,42.87,5.54,5.19,0.0,0,5.69
12.65,33.31,6.6,5.77,0.0,0,5.81
12.94,6.53,4.07,4.06,0.0559,0,4.0
18.14,55.93,6.1,4.87,0.0259,19,6.29
11.94,27.14,4.03,4.09,0.0,0,4.06
7.36,44.07,4.23,4.55,0.0,0,4.25
8.46,30.06,5.0,4.54,0.0,0,5.17
18.11,36.26,4.97,5.0,0.0,0,5.24
7.57,18.17,4.96,4.59,0.0085,0,4.8
11.39,12.02,6.56,6.22,0.0,0,6.4
7.81,32.55,5.14,4.33,0.0567,0,4.62
16.6,26.41,7.48,6.28,0.0168,0,6.51
3.0,23.41,1.55,2.89,0.3849,19,2.43
6.78,40.35,5.84,5.3,0.0,0,5.98
10.42,41.43,6.46,5.31,0.0,2,6.26
17.78,2.76,2.16,2.0,0.3427,27,2.06
13.31,20.32,4.89,4.37,0.0,0,4.64
15.77,24.71,6.19,5.25,0.0203,10,6.3
4.02,5.81,5.09,4.8,0.0095,0,5.06
2.11,14.15,4.77,4.47,0.0183,0,4.75
9.93,3.1,4.86,5.29,0.0,0,5.01
19.29,59.77,7.93,6.6,0.2098,49,7.8
5.72,44.19,6.45,6.15,0.0238,5,6.95
10.65,5.25,5.94,5.74,0.0,0,5.82
7.02,1.21,5.53,5.51,0.0,0,5.68
9.12,43.16,5.31,4.83,0.0,0,5.35
2.72,26.35,6.14,5.56,0.0,0,6.19
9.54,47.21,5.91,5.02,0.0163,0,5.76
14.18,55.41,7.03,5.37,0.1207,18,6.29
11.57,35.96,6.48,5.67,0.0536,0,5.99
7.06,11.23,5.28,4.95,0.0154,0,5.07
5.01,46.93,6.33,5.62,0.024,0,6.21
15.11,57.35,4.53,4.9,0.0618,0,4.33
8.07,34.81,9.38,7.69,0.3135,31,8.34
18.99,40.92,5.09,3.99,0.0266,0,4.57
5.83,20.25,3.6,4.97,0.2799,15,3.6
7.25,22.89,4.54,4.38,0.0,0,4.77
6.35,44.08,5.39,4.65,0.0517,0,5.3
13.45,55.67,6.75,5.25,0.1277,28,6.86
5.3,37.74,4.16,5.82,0.0,0,5.48
7.08,47.39,6.87,6.4,0.1327,0,6.71
5.92,10.3,5.5,5.27,0.0224,0,5.57
3.53,12.72,5.54,5.12,0.0226,0,5.36
14.06,31.92,7.39,6.52,0.1326,20,7.27
7.06,10.59,4.36,4.09,0.0228,0,4.15
16.42,38.1,5.59,5.44,0.0597,0,5.91
8.94,17.5,4.06,3.88,0.0,0,4.04
8.68,47.49,7.95,6.77,0.2906,24,7.45
19.49,48.49,4.08,3.89,0.0256,0,4.73
6.28,27.83,4.59,4.27,0.0269,0,4.47
18.2,10.85,6.34,5.71,0.0348,0,6.13
8.0,38.81,7.68,6.78,0.0572,13,7.29
7.21,59.57,4.33,3.58,0.0229,0,4.29
10.13,37.36,4.6,3.94,0.0012,0,4.56
7.8,2.15,5.9,5.8,0.0,0,5.9
4.71,1.04,4.02,3.85,0.0506,0,3.93
13.82,19.22,3.36,3.2,0.0,0,3.3
4.34,11.75,5.02,4.57,0.0,0,4.71
13.31,48.78,4.84,5.06,0.0,0,5.7
15.96,50.69,8.13,6.25,0.2368,33,7.27
5.64,15.52,3.81,3.81,0.0289,0,4.17
7.29,19.54,5.68,4.92,0.0118,0,4.77
4.1,14.17,5.42,4.88,0.0287,0,5.01
2.5,54.5,6.39,5.24,0.081,3,6.33
14.97,30.16,6.04,5.71,0.0,0,6.53
8.21,39.37,6.97,5.98,0.0,0,6.38
6.7,24.93,5.7,5.45,0.1213,0,5.35
7.97,37.86,6.62,5.95,0.1455,11,6.85
4.91,23.15,5.74,5.73,0.0047,0,6.26
6.74,20.38,3.19,2.86,0.0702,2,2.68
5.35,38.07,5.16,4.59,0.0,0,5.04
5.77,35.46,6.23,5.39,0.0,0,5.77
19.31,17.61,6.81,6.07,0.0276,0,6.36
7.13,8.96,4.18,4.18,0.0725,0,4.2
15.63,22.11,6.77,6.35,0.0226,0,6.62
6.02,24.91,6.23,5.88,0.0566,0,6.41
4.17,37.72,3.82,4.93,0.0,0,4.78
12.63,54.87,3.45,4.32,0.0,0,4.42
11.97,2.17,4.81,4.56,0.0388,0,4.86
19.27,14.62,3.84,3.92,0.0693,0,4.39
19.17,11.62,6.12,5.71,0.0073,0,6.35
16.69,30.14,2.49,2.74,0.1776,27,2.56
14.03,25.78,4.61,4.09,0.0,0,4.22
11.82,43.74,6.04,5.82,0.0,0,6.52
5.89,14.54,6.35,5.94,0.0234,0,6.12
2.18,35.67,4.82,4.64,0.0,0,5.06
5.71,53.03,4.83,4.83,0.0,0,5.25
5.06,54.64,6.71,5.47,0.0,1,5.94
8.48,57.53,4.9,4.19,0.0301,0,5.12
4.16,46.4,4.5,4.3,0.0237,0,4.93
19.18,54.36,8.47,6.95,0.2632,46,7.91
9.71,14.07,6.21,5.82,0.0,0,6.12
7.7,11.85,5.28,5.05,0.0,0,5.11
6.72,0.39,4.9,4.74,0.0,0,4.77
17.55,42.41,5.8,4.86,0.1618,17,6.26
5.41,56.25,6.33,5.97,0.2116,28,7.71
17.51,11.22,5.93,5.63,0.0,0,6.48
7.1,38.22,5.42,4.64,0.0064,0,5.22
5.23,44.79,5.85,5.8,0.0426,2,6.65
15.95,55.66,5.3,4.88,0.0,0,5.53
7.47,38.81,5.03,4.48,0.0154,0,5.33
13.49,58.22,5.91,4.62,0.0,0,5.19
3.01,20.68,5.33,4.78,0.0565,0,5.08
7.67,21.0,4.48,4.35,0.0316,0,4.53
4.76,32.58,5.73,5.43,0.0045,0,5.63
3.72,23.01,5.51,4.95,0.008,0,5.2
3.48,0.09,5.34,5.29,0.0227,0,5.26
7.55,43.91,4.65,4.37,0.0,0,5.04
10.75,45.1,4.67,4.19,0.0,0,5.35
18.07,44.82,4.65,4.37,0.0421,0,5.46
10.45,20.7,6.06,5.71,0.0391,0,6.04
19.27,31.34,7.03,5.35,0.0,2,5.98
19.19,21.6,4.95,4.35,0.0,0,5.25
7.17,0.96,3.56,3.59,0.0852,0,3.7
7.66,33.75,5.36,4.95,0.0175,0,5.38
6.26,7.43,6.15,6.04,0.0198,0,6.01
10.89,4.8,4.68,4.75,0.0,0,4.69
5.07,45.33,6.25,5.58,0.0,4,6.43
9.11,0.57,2.65,3.35,0.0314,0,3.21
13.96,57.54,6.92,6.24,0.3548,49,8.18
16.99,30.92,5.91,5.67,0.0622,15,6.69
7.0,58.98,2.44,3.02,0.0,0,3.63
6.66,3.48,5.96,5.73,0.0,0,5.81
18.83,35.01,7.75,6.75,0.1359,37,7.63
7.67,20.96,0.67,1.13,0.4814,34,1.39
13.85,50.61,3.8,3.3,0.0755,9,3.77
16.54,21.67,5.06,4.7,0.0,0,4.94
4.79,15.63,4.59,4.14,0.0,0,4.3
16.38,51.45,4.19,3.97,0.0439,0,4.7
10.58,22.48,6.15,5.84,0.0,0,5.42
8.66,1.01,6.07,5.73,0.0,0,6.01
5.49,23.42,5.16,4.96,0.0478,0,5.34
11.3,39.27,6.84,5.7,0.0011,3,6.25
19.72,15.26,6.16,5.76,0.0,0,5.99
5.02,25.92,5.16,5.04,0.0,0,5.22
6.98,3.4,5.97,5.7,0.0521,0,5.77
18.99,35.29,5.1,4.67,0.0057,0,5.81
4.03,45.38,1.08,2.94,0.3471,29,2.36
16.97,24.8,6.36,5.38,0.0954,10,6.59
11.5,25.21,3.33,4.47,0.0,0,4.44
3.26,5.3,4.72,4.66,0.0274,0,4.71
11.75,12.12,4.97,4.8,0.0475,0,5.19
16.16,9.28,5.58,5.11,0.0,0,5.28
12.0,28.9,6.22,5.89,0.0,0,5.96
8.42,31.76,5.7,5.09,0.0,0,5.98
7.99,56.94,6.39,5.8,0.0,0,5.96
5.6,4.39,5.08,4.97,0.0,0,5.01
16.33,35.99,5.6,5.29,0.0699,0,5.59
14.08,31.59,7.19,6.24,0.0,0,6.47
3.48,30.97,6.91,6.19,0.0,0,6.5
9.23,52.39,3.98,4.69,0.026,0,4.76
12.22,12.33,5.78,5.3,0.0,0,5.73
5.67,2.45,3.92,3.78,0.0267,0,3.81
6.46,40.34,5.86,4.62,0.0701,0,5.26
19.85,20.71,3.26,2.99,0.1094,4,3.26
11.1,1.06,6.48,5.83,0.0,0,6.0
2.53,15.08,4.07,3.92,0.0,0,4.25
4.48,18.56,4.68,4.56,0.0345,0,4.9
6.5,37.01,4.9,4.46,0.0248,0,5.07
14.18,10.36,5.58,5.11,0.0085,0,5.42
16.82,24.78,3.49,3.69,0.0,0,3.83
8.81,28.95,6.08,5.57,0.0,0,5.95
16.45,27.55,6.74,5.84,0.0119,1,6.48
3.98,58.44,5.32,4.45,0.016,0,5.57
9.84,2.73,5.08,4.57,0.0,0,5.0
13.18,57.06,6.7,5.47,0.1722,25,6.7
6.11,34.92,6.31,5.4,0.0166,0,5.68
7.29,47.74,7.28,6.26,0.0905,7,6.67
3.22,25.82,4.33,3.96,0.0,0,4.43
11.32,27.23,5.39,5.09,0.1474,0,5.61
17.59,52.76,6.5,5.58,0.2131,37,7.53
13.85,53.76,2.76,4.27,0.1443,18,3.35
7.88,14.32,1.6,2.81,0.4944,28,2.32
13.72,11.95,6.73,6.29,0.0273,0,6.82
12.59,29.77,5.63,5.15,0.0,0,5.73
10.98,54.02,5.52,4.65,0.1259,6,6.07
2.29,19.34,6.8,6.13,0.0012,0,6.5
4.11,39.12,5.39,5.02,0.0451,0,5.61
7.14,42.49,6.28,5.18,0.0,0,5.51
4.38,46.72,6.03,5.2,0.0,0,5.8
11.24,33.84,5.34,4.98,0.0,0,5.46
9.58,24.15,0.44,3.41,0.3458,28,2.34
4.31,58.02,7.7,6.56,0.1955,21,7.44
7.49,36.68,4.39,4.27,0.0,0,4.89
16.37,43.71,6.88,6.21,0.2199,24,7.12
12.95,20.7,4.86,4.56,0.0,0,5.03
15.56,40.2,6.66,5.73,0.0888,12,6.66
8.9,15.47,4.88,5.47,0.0,0,5.35
2.35,14.71,6.2,6.03,0.0262,0,6.24
3.57,42.88,5.21,4.76,0.0,0,5.48
17.47,31.28,8.44,6.93,0.2913,30,7.56
10.48,41.0,3.6,3.29,0.0583,1,3.55
7.69,16.17,5.48,5.52,0.0,0,5.59
15.11,35.92,5.56,5.04,0.0,0,5.27
5.12,26.64,6.81,6.16,0.0342,0,6.87
12.13,35.82,6.46,5.5,0.0,0,5.86
7.89,17.45,3.55,3.9,0.1033,0,3.97
14.41,42.93,5.38,5.22,0.0575,0,5.78
19.69,48.36,6.48,5.44,0.0359,11,6.37
11.97,15.59,6.04,5.59,0.0,0,5.79
6.65,18.04,5.05,4.26,0.0,0,4.13
5.37,39.67,5.85,5.71,0.0,0,6.3
12.44,41.74,7.38,5.66,0.0,1,6.14
18.96,42.25,6.71,5.22,0.0,0,5.63
2.76,40.96,6.51,5.37,0.0,0,5.92
16.79,23.57,6.97,6.38,0.024,2,6.74
9.44,23.69,7.35,6.97,0.0,0,7.06
2.13,15.29,3.85,3.68,0.026,0,3.85
8.36,9.41,5.15,4.84,0.0,0,4.05
11.66,41.55,6.68,5.63,0.0339,0,6.17
12.26,5.59,5.06,4.77,0.0057,0,4.8
5.24,56.27,7.73,6.55,0.1094,17,7.45
18.44,49.6,7.02,6.21,0.2074,42,7.82
11.22,51.45,5.06,4.77,0.0334,0,5.79
5.27,54.4,5.3,4.59,0.0529,0,5.48
17.93,24.52,5.82,4.56,0.0,0,4.86
7.61,50.8,4.61,4.13,0.0056,0,5.27
14.33,9.48,4.32,4.27,0.0028,0,4.09
5.37,1.3,4.7,4.72,0.0166,0,4.7
10.99,47.09,4.89,4.52,0.0,0,4.6
7.44,4.49,4.71,4.39,0.0,0,4.51
6.51,59.31,5.79,4.81,0.0446,4,5.63
11.36,40.49,6.42,5.92,0.0,5,6.74
9.61,45.21,6.08,5.32,0.0737,0,5.87
2.25,14.75,6.55,6.26,0.0,0,6.52
18.04,40.43,6.35,5.41,0.0837,17,6.61
8.57,2.59,4.8,4.84,0.0,0,4.47
6.22,50.27,3.29,3.49,0.1924,23,2.56
7.69,10.18,4.1,3.75,0.0,0,4.28
10.05,41.84,5.47,4.78,0.0,0,5.44
15.08,13.47,6.69,6.29,0.0052,0,6.53
2.33,4.11,5.24,5.17,0.0128,0,5.2
7.0,28.89,4.57,4.18,0.0,0,4.48
15.3,10.16,5.13,4.52,0.0,0,4.74
8.19,43.77,5.07,4.44,0.0178,0,5.22
17.86,14.25,6.14,5.2,0.0259,0,5.74
5.88,20.55,4.4,4.08,0.1197,0,3.67
8.23,34.05,6.38,5.54,0.0079,0,5.79
19.98,17.1,5.79,5.23,0.0398,0,5.55
11.5,22.68,4.38,4.04,0.0508,0,4.16
15.54,48.94,7.23,6.13,0.1362,12,6.75
7.74,10.75,5.71,5.17,0.0,0,5.43
14.15,4.93,6.05,5.86,0.0,0,6.05
15.89,19.7,2.38,4.39,0.0,0,4.03
9.72,25.46,5.95,5.74,0.0312,0,5.85
17.43,32.56,4.32,3.65,0.0,0,4.03
14.05,22.35,6.08,5.97,0.0165,1,6.74
4.89,47.39,7.11,6.56,0.2459,14,7.15
13.36,2.36,5.19,5.09,0.0,0,5.55
2.06,25.91,5.88,5.3,0.0,0,5.8
7.48,22.94,5.67,5.52,0.0192,0,5.94
11.04,38.85,5.53,4.98,0.0501,0,5.7
10.15,57.98,8.52,6.49,0.1563,30,7.25
11.01,30.62,7.33,6.72,0.0,4,6.95
16.42,59.21,5.35,4.95,0.0026,0,5.87
12.24,18.13,5.44,5.39,0.0201,0,5.29
5.62,1.85,4.91,4.78,0.0,0,4.83
9.41,9.94,3.46,3.48,0.1175,3,3.33
4.46,23.71,5.81,5.21,0.0129,0,5.61
3.31,18.98,5.98,5.73,0.006,0,6.12
13.19,5.82,4.22,3.98,0.0093,0,4.19
13.21,25.96,5.61,5.27,0.1187,0,5.39
5.8,20.29,4.87,4.91,0.0,0,5.03
10.98,7.36,6.48,6.39,0.0564,0,6.55
9.06,17.77,5.44,5.35,0.0056,0,5.66
19.99,53.19,7.4,6.37,0.2683,54,7.87
9.63,18.12,5.05,4.76,0.0,0,5.36
18.27,42.84,6.8,6.19,0.2144,24,7.11
4.85,36.72,7.75,6.79,0.0796,5,7.13
10.11,25.63,5.29,4.58,0.0117,0,4.97
13.15,14.34,6.73,6.6,0.0,1,7.01
17.61,22.14,4.91,4.71,0.0,0,4.89
18.25,35.53,5.39,4.38,0.0414,0,4.55
7.41,21.05,5.86,5.26,0.054,0,5.45
10.09,12.89,2.25,2.41,0.2213,16,2.38
10.03,6.99,4.9,5.05,0.0,0,4.82
5.63,52.79,6.19,5.62,0.1357,12,6.84
13.97,26.42,5.66,5.29,0.0,0,5.81
17.82,37.51,5.69,4.97,0.0754,20,6.64
6.79,29.42,4.62,4.43,0.0922,0,4.86
5.05,52.35,7.34,6.63,0.1462,21,7.46
3.4,32.82,5.41,5.19,0.0,0,5.94
10.63,28.85,3.62,3.17,0.0,0,3.74
7.12,55.48,4.68,4.64,0.0639,0,5.24
7.88,43.18,3.53,3.17,0.0,0,3.64
17.82,6.69,5.28,4.5,0.0,0,4.2
3.35,10.66,5.07,4.87,0.0,0,5.03
5.27,47.23,4.99,4.19,0.0,0,5.22
8.24,50.15,6.8,6.12,0.0695,9,6.72
3.12,32.71,5.84,5.3,0.0296,0,6.14
13.56,33.27,7.22,6.59,0.1058,16,7.18
7.99,37.92,5.35,4.67,0.0375,0,5.91
2.15,26.35,5.63,5.13,0.0357,0,5.42
17.58,40.81,4.65,4.16,0.0,0,3.99
13.33,6.51,4.47,4.6,0.0021,0,4.67
15.35,57.68,5.62,5.2,0.0685,0,5.6
19.57,45.01,6.74,6.32,0.2114,36,7.38
6.26,37.87,5.5,4.64,0.0622,0,5.31
18.52,18.98,6.64,5.55,0.0018,0,5.88
2.05,9.66,5.03,5.09,0.015,0,5.07
10.89,24.56,4.7,4.44,0.0,0,4.56
3.5,39.69,3.34,4.55,0.23,14,3.28
6.02,38.02,4.44,4.28,0.0,0,4.49
12.6,22.96,6.04,5.84,0.0292,0,6.06
4.76,36.8,6.56,6.09,0.0356,5,6.65
15.62,48.82,6.34,5.92,0.0793,26,7.27
17.49,1.58,4.38,4.67,0.099,0,4.68
6.83,27.04,2.21,3.92,0.1206,3,3.57
17.15,45.51,6.55,5.89,0.1837,24,7.07
3.61,32.77,4.64,4.54,0.0,0,5.09
11.76,39.09,6.69,5.87,0.0,0,6.25
11.36,31.0,3.89,4.34,0.0002,0,4.13
12.64,59.51,6.49,5.58,0.0,0,6.35
19.18,3.28,5.51,5.48,0.0433,0,5.91
2.87,29.46,5.29,4.73,0.0,0,5.12
19.3,5.48,7.61,6.4,0.1338,10,6.88
7.7,9.59,4.64,4.51,0.0,0,4.62
15.86,22.98,7.05,6.4,0.0003,2,6.8
17.18,9.33,5.9,5.16,0.0,0,5.55
15.19,57.82,7.87,6.9,0.1766,37,7.81
6.57,56.81,5.6,4.75,0.034,0,5.63
6.28,20.17,6.53,6.44,0.106,0,6.63
17.91,38.38,6.06,4.72,0.0,0,5.14
17.32,32.03,5.18,4.61,0.0223,0,5.73
6.83,48.94,6.36,5.65,0.0,0,6.4
17.73,37.65,5.54,5.18,0.1072,13,6.19
11.21,0.02,5.75,5.36,0.0,0,5.51
3.94,45.79,5.47,5.08,0.0,0,5.74
18.05,44.81,4.84,4.56,0.0248,0,5.0
5.46,30.58,4.54,4.58,0.0863,0,5.18
17.13,54.18,6.5,4.77,0.0709,13,5.82
8.95,54.51,4.32,4.15,0.0,0,4.77
5.06,31.43,4.58,4.16,0.0272,0,4.78
5.36,36.48,6.23,5.2,0.0,0,5.85
6.5,59.79,7.74,5.87,0.2072,14,6.41
16.32,17.93,6.7,6.16,0.0,2,6.73
9.14,19.48,4.87,4.63,0.0,0,4.52
2.04,10.97,4.98,4.68,0.0446,0,4.89
6.31,53.75,7.28,6.17,0.1717,11,6.72
9.3,44.67,4.77,4.42,0.0,0,4.99
2.47,6.34,5.86,5.73,0.017,0,5.79
6.24,58.91,7.61,6.47,0.2548,33,7.98
7.52,43.86,6.3,5.28,0.0,0,5.73
18.76,51.03,5.39,5.12,0.075,0,5.31
15.2,2.89,4.36,4.58,0.0509,0,4.71
17.17,30.3,4.58,4.63,0.0441,0,5.13
7.29,41.92,6.14,5.4,0.0,0,5.99
8.76,32.58,4.55,3.9,0.0,0,4.8
18.42,40.0,8.21,6.41,0.2038,29,7.06
15.73,49.07,7.96,6.98,0.1763,38,7.69
14.59,22.46,5.53,5.39,0.0,0,5.84
4.46,50.92,5.92,5.36,0.048,0,6.19
11.21,9.77,3.44,5.2,0.0,0,4.46
5.67,16.25,4.95,4.37,0.0,0,4.54
16.77,2.6,4.51,5.28,0.0,0,4.91
15.18,21.87,4.5,4.27,0.0,0,4.25
12.09,22.79,5.45,4.92,0.0196,0,4.89
18.5,48.32,4.68,6.17,0.0863,2,6.34
4.3,39.19,6.8,5.83,0.0726,3,6.65
7.13,26.2,6.86,5.78,0.0,0,6.1
18.09,39.13,6.98,6.22,0.1992,21,6.99
16.95,3.17,4.1,4.16,0.0542,0,4.57
2.71,10.82,5.29,4.97,0.0374,0,5.12
3.51,37.62,4.83,4.69,0.0052,0,5.09
7.52,38.48,4.82,5.95,0.0,0,5.69
14.84,46.45,5.31,4.75,0.1126,8,6.29
5.2,24.18,4.5,4.11,0.0252,0,4.34
17.55,43.35,6.0,5.42,0.0,0,5.63
4.2,41.04,5.86,5.5,0.0,0,5.87
17.08,57.8,6.56,4.96,0.1052,20,6.09
5.14,12.91,5.2,5.22,0.0,0,5.53
16.83,33.1,6.7,6.23,0.039,9,6.71
2.77,36.11,4.98,4.45,0.0317,0,4.93
7.51,59.92,6.59,5.27,0.0778,0,5.59
7.62,12.07,3.83,3.79,0.2684,17,2.22
10.79,31.39,5.97,5.73,0.0,0,6.0
18.55,20.77,6.82,6.36,0.0218,7,6.56
8.58,31.55,5.9,5.44,0.0375,0,5.76
8.1,13.93,4.29,4.26,0.0,0,4.3
19.55,2.86,3.39,3.57,0.0,0,3.62
5.38,34.35,5.91,5.66,0.1136,0,5.87
16.79,20.15,6.22,5.8,0.0881,0,6.21
9.82,10.92,4.96,4.5,0.0486,0,5.05
5.56,19.44,4.25,3.98,0.0872,0,4.21
18.77,2.96,5.07,5.0,0.007,0,5.08
7.09,57.03,5.21,4.44,0.0,0,5.07
13.28,34.87,4.97,4.21,0.0737,0,4.81
4.44,48.89,7.16,6.27,0.1654,11,7.0
5.98,25.39,5.53,5.44,0.0,0,5.87
5.75,54.2,7.14,5.4,0.0,0,5.9
6.91,29.0,6.95,6.24,0.0041,0,6.56
6.07,34.44,4.93,4.44,0.0,0,4.74
6.85,29.51,4.82,4.23,0.014,0,4.69
12.28,44.0,4.45,4.15,0.0,2,5.42
5.34,34.0,4.0,3.42,0.0842,7,2.81
11.28,16.3,4.76,4.64,0.0,0,4.92
18.93,8.73,4.21,4.51,0.0277,0,4.67
18.66,36.37,6.44,6.06,0.0,0,6.55
15.74,29.35,6.93,6.38,0.0,0,6.87
18.27,5.76,5.01,4.37,0.1176,0,5.04
9.79,23.74,6.89,6.44,0.0514,0,6.59
4.03,30.89,6.59,6.16,0.0,0,6.39
14.21,49.61,5.7,5.32,0.0,0,6.07
5.52,4.57,6.09,5.72,0.0,0,6.07
12.23,20.91,4.37,4.44,0.3809,35,1.89
11.01,49.36,7.82,6.5,0.1837,17,7.09
19.79,38.91,5.63,4.97,0.0548,0,5.14
17.32,17.4,5.75,5.27,0.0266,0,5.98
11.52,50.72,5.47,5.12,0.0526,0,6.02
15.91,29.6,3.6,3.82,0.0,0,4.32
3.61,29.9,4.23,4.15,0.0,0,4.76
6.5,58.6,5.48,4.93,0.0,0,5.88
7.39,56.83,4.54,4.12,0.0436,0,5.22
11.04,21.51,5.51,5.08,0.0203,0,5.27
5.25,8.43,6.14,5.75,0.0,0,5.98
17.22,19.54,6.88,5.93,0.1135,10,6.94
2.53,1.83,5.21,5.14,0.0113,0,5.17
13.71,1.25,4.02,4.03,0.0,0,4.04
3.92,23.73,5.65,5.27,0.0832,0,5.36
7.62,56.46,5.8,5.14,0.0,0,5.62
3.44,52.28,7.38,6.67,0.2732,29,7.76
14.13,30.69,4.08,3.87,0.0276,0,4.34
19.25,33.91,5.01,4.76,0.0113,0,5.49
19.98,0.36,6.44,6.35,0.0,0,6.35
10.58,12.93,5.4,5.03,0.0377,0,5.73
9.48,1.49,4.31,4.07,0.0,0,4.25
17.88,45.27,4.82,4.2,0.0,0,4.74
19.98,8.74,4.88,4.44,0.0,0,4.74
14.44,52.14,5.8,5.2,0.0672,0,5.62
16.93,38.6,3.2,4.05,0.1159,0,4.42
16.73,13.77,5.27,5.38,0.0,0,5.54
10.33,9.46,5.67,5.5,0.0465,0,5.68
3.99,37.66,5.22,4.71,0.0715,0,5.63
17.5,54.05,5.54,5.81,0.0,1,6.38
2.91,43.1,3.0,4.59,0.0,0,4.14
5.32,20.91,6.14,5.56,0.0818,0,5.79
10.05,35.24,3.96,3.93,0.0,0,4.43
7.17,18.65,6.14,5.84,0.0,0,5.94
8.49,59.95,4.45,4.48,0.0,0,4.8
18.58,44.93,3.23,4.36,0.0,0,4.03
5.55,36.86,6.97,5.65,0.0,0,6.22
8.3,25.4,5.2,4.9,0.0,0,5.13
5.8,37.09,3.64,3.6,0.0,0,4.19
14.25,20.5,6.13,5.7,0.0,0,6.34
5.33,1.73,4.67,4.66,0.0709,0,4.76
8.27,23.71,5.98,6.06,0.0101,0,5.44
7.46,55.83,7.65,6.72,0.0597,6,7.0
8.55,37.58,5.43,4.6,0.0331,0,4.13
12.54,5.04,5.39,4.93,0.0,0,5.01
9.07,53.1,5.99,5.31,0.0521,8,6.44
6.16,16.13,6.31,5.92,0.0827,0,6.02
11.96,14.63,7.26,6.65,0.0389,0,6.86
5.88,17.83,4.67,4.67,0.0008,0,4.78
15.94,34.63,6.68,5.61,0.0,4,6.38
9.93,32.68,5.41,4.92,0.0477,0,5.59
14.8,29.48,5.46,4.63,0.0147,0,5.19
6.74,43.05,7.71,6.34,0.0656,7,6.88
13.56,18.99,4.46,4.21,0.0,0,4.44
16.58,46.92,3.92,3.11,0.1353,12,3.19
6.82,10.52,6.14,6.23,0.0,0,6.3
8.92,46.96,6.76,5.95,0.0614,0,6.42
6.45,39.83,4.75,4.35,0.0007,0,4.79
5.97,40.99,4.2,4.28,0.0,0,4.11
4.13,28.89,4.57,4.23,0.0469,0,4.36
18.52,40.02,5.3,4.93,0.0931,11,6.09
6.35,4.79,6.04,6.0,0.0,0,6.07
6.98,51.09,6.95,6.4,0.218,20,7.38
12.43,3.33,5.68,5.72,0.0649,0,5.91
6.6,8.92,5.24,5.18,0.0883,0,5.29
10.18,34.61,4.49,4.03,0.0,0,4.68
7.23,44.36,5.89,5.32,0.0682,6,6.45
6.91,4.58,5.45,5.3,0.0,0,5.45
19.24,55.25,7.98,6.21,0.1499,32,6.85
5.27,58.42,5.72,4.93,0.1452,4,6.28
10.63,36.36,6.14,5.3,0.0032,0,5.7
13.99,28.87,5.54,4.9,0.0,0,4.85
2.59,44.48,5.51,4.88,0.0401,0,5.14
3.39,19.7,6.05,5.77,0.0076,0,6.16
15.34,29.6,6.43,5.99,0.1506,14,6.98
11.13,54.97,6.96,6.0,0.1808,30,7.39
7.14,57.34,5.99,5.11,0.0,0,5.78
11.04,55.62,5.11,4.39,0.0978,0,5.59
2.54,15.75,4.41,4.18,0.0,0,4.27
15.43,13.95,5.92,5.74,0.0,0,5.97
8.79,17.86,4.35,4.37,0.0637,0,4.44
3.75,26.48,6.58,6.35,0.0,0,6.54
6.63,18.85,4.95,4.43,0.0,0,4.63
2.45,22.45,5.66,5.27,0.0,0,5.45
12.4,37.24,4.73,4.16,0.0,0,3.7
4.57,45.75,7.69,6.85,0.1322,15,7.42
13.54,44.13,7.3,6.6,0.1431,12,7.01
2.54,48.87,5.53,4.86,0.0,0,5.47
7.89,1.93,5.16,5.0,0.0,0,5.03
16.18,2.86,5.24,4.75,0.0,0,5.23
6.91,47.36,5.49,4.8,0.0043,0,5.79
6.56,31.98,5.35,4.82,0.0394,0,5.25
15.65,34.69,2.98,3.21,0.0,0,3.27
8.13,3.16,3.98,3.78,0.0377,0,3.84
9.6,15.32,5.86,5.46,0.0485,0,5.7
12.13,38.3,6.34,6.0,0.0144,7,6.71
2.97,51.55,4.98,4.44,0.0,0,5.18
15.63,55.02,6.51,5.82,0.18,22,6.98
14.35,30.03,5.49,4.83,0.0,0,4.83
2.02,32.73,6.23,5.42,0.0133,0,5.72
15.71,49.98,6.53,5.41,0.0495,10,6.19
9.39,32.26,6.93,6.39,0.0,0,6.52
9.83,31.01,7.04,5.97,0.0,0,6.22
11.57,54.31,6.29,4.77,0.0066,5,5.84
9.61,47.4,5.49,6.18,0.0938,0,6.22
7.17,54.54,6.36,6.01,0.0881,0,5.98
17.21,13.09,5.89,5.78,0.0263,0,6.14
7.47,31.46,6.57,6.17,0.0552,0,6.47
6.08,50.55,4.35,4.09,0.0,0,5.24
2.44,6.67,4.5,4.28,0.0201,0,4.38
8.66,47.68,6.3,6.22,0.0,5,6.95
4.45,10.98,5.51,5.23,0.0,0,5.61
13.0,48.49,6.7,5.78,0.0292,8,6.31
5.35,36.72,5.27,4.21,0.0,0,4.58
3.83,11.59,4.9,4.76,0.0955,0,5.03
2.52,28.4,6.78,6.43,0.036,0,7.08
10.99,40.91,6.55,5.65,0.017,0,6.21
12.62,38.03,6.68,5.48,0.0,0,6.23
17.15,25.63,5.5,5.33,0.0,0,5.45
17.59,53.96,6.26,5.11,0.3432,41,7.05
8.0,31.16,5.02,5.22,0.0,0,5.28
12.64,30.35,6.15,5.41,0.0135,0,6.08
15.41,3.74,5.98,5.79,0.0,0,5.99
6.68,55.33,7.37,6.7,0.2662,35,7.93
2.98,10.63,4.46,4.19,0.0,0,4.68
8.73,31.7,5.07,5.37,0.0,0,5.3
6.76,48.21,5.19,4.68,0.072,0,5.34
14.51,12.93,3.22,5.47,0.0182,0,4.64
8.85,31.64,5.06,4.55,0.0,0,5.09
5.78,14.44,4.86,4.53,0.1154,0,4.74
5.15,45.58,7.01,6.26,0.014,7,6.93
5.33,33.86,4.83,4.5,0.0714,0,5.18
5.13,51.36,6.26,5.72,0.011,6,6.5
6.66,53.67,7.32,6.56,0.1539,20,7.46
8.59,38.92,5.43,5.11,0.0,0,5.76
8.32,43.52,5.97,5.66,0.0464,10,6.79
19.8,32.95,4.31,5.93,0.0,0,5.75
9.59,23.07,5.92,5.69,0.0149,0,6.14
6.91,38.89,7.45,6.48,0.2065,14,7.16
13.18,54.5,7.06,5.24,0.1796,5,5.9
7.94,25.0,4.82,4.39,0.0235,0,5.17
15.17,18.86,4.0,4.16,0.2639,21,2.81
4.13,23.31,4.34,3.99,0.0,0,4.36
13.42,26.12,5.49,5.13,0.0594,0,5.46
15.72,4.41,4.15,3.93,0.0603,0,4.05
15.92,29.91,4.75,4.7,0.0352,0,4.56
15.0,29.66,5.5,4.72,0.0292,0,4.93
18.06,35.31,6.15,4.97,0.0226,3,5.8
18.05,21.77,6.71,5.35,0.0527,0,5.79
13.68,36.79,1.91,1.93,0.323,36,2.08
7.1,52.69,4.71,4.83,0.0,0,5.32
14.62,57.33,6.68,5.31,0.0804,31,6.95
6.96,35.02,2.35,3.13,0.1387,15,2.64
5.08,2.56,3.8,3.79,0.1483,0,3.9
19.88,58.15,5.99,5.58,0.1813,40,7.31
7.74,42.35,6.79,6.2,0.0,0,6.16
4.8,20.16,4.67,4.52,0.043,0,5.02
3.71,8.83,5.07,4.93,0.0616,0,5.06
8.38,8.61,5.1,4.77,0.0579,0,5.26
3.88,10.06,4.28,4.24,0.0,0,4.53
2.59,2.73,4.94,4.79,0.0,0,4.83
5.16,54.13,5.64,4.84,0.0315,4,6.09
7.66,32.45,4.63,4.36,0.0,0,4.3
10.45,42.0,6.24,5.49,0.0,0,5.92
10.6,49.69,4.59,4.25,0.037,0,4.9
4.79,47.49,6.73,6.33,0.0499,1,6.71
19.92,52.96,7.5,6.81,0.2938,55,8.54
6.72,58.04,6.68,5.82,0.1232,16,6.92
15.89,26.34,5.95,5.13,0.0,0,6.04
4.56,57.02,7.04,5.8,0.1077,5,6.34
4.0,43.4,3.46,3.85,0.0,0,4.22
3.9,4.24,3.75,3.58,0.0,0,3.81
19.48,40.91,4.92,4.34,0.0,0,5.43
19.11,41.2,3.65,4.28,0.0597,21,3.16
2.08,54.35,6.23,5.03,0.0,0,5.86
6.77,22.38,2.55,2.58,0.1096,9,2.63
4.86,35.09,5.06,4.41,0.0321,0,4.61
12.73,0.73,5.97,5.65,0.0,0,5.72
3.41,19.92,5.94,5.49,0.0105,0,6.06
8.32,3.73,4.69,4.64,0.1011,0,4.83
16.35,31.31,1.7,3.44,0.1379,20,3.2
9.64,49.05,6.9,6.46,0.0236,11,7.09
4.89,12.39,4.64,4.55,0.0,0,4.85
5.12,31.65,4.9,4.76,0.0,0,4.95
11.55,12.24,6.1,5.85,0.0,0,6.22
16.85,7.24,6.08,5.57,0.0815,0,5.95
17.27,30.66,7.07,5.89,0.0001,6,6.5
9.36,4.75,5.58,5.75,0.0,0,6.14
3.18,35.24,4.46,4.34,0.0,0,4.95
19.04,1.88,4.31,4.32,0.0,0,4.45
7.47,6.4,5.77,5.6,0.0,0,5.69
4.43,33.0,4.86,4.42,0.023,0,4.54
11.81,35.48,6.23,5.98,0.1183,13,6.82
17.02,1.74,4.43,4.13,0.0,0,4.29
16.58,34.4,4.77,4.33,0.0409,0,4.69
18.79,50.31,5.71,5.32,0.0629,4,6.18
13.0,43.34,5.92,5.19,0.0397,0,5.86
6.5,7.87,4.96,4.59,0.0,0,4.78
4.2,35.55,3.71,5.69,0.0,0,5.03
16.68,40.34,6.96,5.8,0.0084,0,5.85
6.4,2.23,3.76,4.01,0.0293,0,3.98
7.81,51.32,6.4,5.9,0.1044,13,7.11
5.18,54.38,5.27,4.53,0.0,0,5.39
13.9,51.03,3.74,3.68,0.074,0,4.03
18.3,49.48,4.41,3.86,0.1504,19,5.95
15.06,44.7,6.86,6.4,0.1839,25,7.48
19.73,38.01,5.75,4.29,0.0,0,4.96
3.16,40.72,5.19,4.68,0.0,0,6.01
4.5,48.38,6.44,5.39,0.0879,0,5.81
4.69,39.75,5.26,4.77,0.0313,0,5.39
9.71,19.66,7.82,6.83,0.182,5,7.1
19.6,22.56,5.62,4.79,0.0,0,5.62
3.36,53.82,5.69,5.52,0.0542,0,5.78
18.34,1.03,5.3,5.0,0.0818,0,3.58
18.21,41.93,5.67,4.91,0.0339,0,5.84
16.36,57.29,6.58,6.36,0.2102,27,7.34
13.45,42.37,6.1,5.55,0.0818,2,6.62
3.96,59.63,8.12,6.76,0.2291,24,7.36
12.98,41.25,3.98,3.3,0.0839,0,3.92
10.35,2.06,5.95,5.65,0.0,0,5.73
16.88,49.62,5.61,5.4,0.1748,31,6.86
16.37,17.08,4.61,4.15,0.0,0,4.56
18.66,26.76,6.55,5.48,0.0241,0,5.94
5.22,18.73,4.21,3.82,0.0,0,4.14
7.75,16.11,4.33,4.04,0.0,0,4.49
19.08,25.88,6.62,5.81,0.0411,1,6.15
16.84,22.73,5.15,4.76,0.0198,0,5.12
6.95,38.0,1.35,2.2,0.433,42,2.05
4.36,48.79,6.42,5.98,0.0,0,6.28
3.08,17.83,4.45,3.93,0.0,0,4.07
5.47,12.82,4.44,4.51,0.0401,0,4.45
14.45,40.01,6.61,5.23,0.0,0,5.81
19.8,40.22,2.54,5.34,0.0146,0,4.39
2.5,54.07,6.78,5.86,0.0,0,6.17
9.98,0.96,5.38,5.16,0.0,0,5.44
14.37,51.18,5.15,4.58,0.0,0,5.76
17.38,31.26,7.2,5.62,0.0291,3,6.3
19.05,37.28,4.86,5.26,0.0,0,5.43
17.05,5.48,5.42,5.17,0.0237,0,5.54
11.4,25.96,5.35,4.56,0.1083,0,5.13
6.61,13.64,6.03,5.9,0.0,0,6.05
17.84,15.25,4.53,4.44,0.0,0,4.29
12.36,30.25,5.1,4.57,0.0,0,4.93
8.25,48.75,5.02,4.59,0.0,0,4.64
7.55,44.63,5.67,5.07,0.0,0,5.56
5.0,35.46,4.25,3.79,0.0,0,4.34
7.66,32.37,7.94,6.95,0.2147,21,7.64
6.67,25.64,5.53,5.26,0.0758,0,5.45
3.24,58.36,6.3,5.21,0.0,0,6.08
4.15,33.61,3.84,3.88,0.0296,0,4.08
13.41,15.24,6.25,6.05,0.0,0,6.59
10.97,13.81,4.57,4.12,0.0,0,4.41
4.76,36.68,5.63,4.89,0.0389,0,5.13
5.83,31.37,5.22,4.59,0.0499,0,5.11
6.86,0.46,3.22,3.29,0.0,0,3.28
4.3,49.8,5.92,5.26,0.0,0,5.78
10.05,42.25,3.19,5.07,0.0375,0,4.71
9.44,39.71,4.87,4.95,0.0405,4,4.76
6.01,4.13,5.86,5.49,0.0,0,5.75
2.02,21.72,4.89,4.19,0.0,0,4.52
15.38,56.12,8.04,6.31,0.1511,24,6.87
6.82,51.76,4.89,4.46,0.0,0,5.8
5.98,17.13,5.19,5.17,0.046,0,5.42
3.2,9.42,4.76,4.79,0.0,0,4.91
15.22,26.95,6.83,6.18,0.1086,10,6.87
5.86,21.35,5.1,5.09,0.0753,0,5.27
15.53,40.93,5.4,4.81,0.0234,0,5.68
2.31,57.99,4.62,4.25,0.0,0,4.38
16.7,21.78,6.33,5.82,0.031,0,6.32
12.17,3.73,4.52,4.09,0.0,0,4.64
11.45,53.86,3.87,3.91,0.0,0,3.82
4.9,2.28,3.84,3.8,0.0395,0,3.78
18.9,57.17,9.78,7.4,0.468,63,8.59
14.05,39.87,5.62,5.23,0.0,0,5.41
8.05,56.5,5.93,5.17,0.007,0,6.02
18.79,11.98,4.74,4.64,0.0,0,5.07
18.72,2.44,4.87,4.64,0.0,0,5.1
19.84,29.29,5.25,4.26,0.0,0,5.46
18.11,27.04,7.03,5.93,0.0,0,6.32
19.97,19.89,5.69,4.8,0.0,0,5.33
8.67,57.46,5.31,5.08,0.0,0,5.99
17.63,49.36,5.58,4.47,0.0,1,5.66
17.35,39.69,5.52,5.04,0.042,0,5.9
2.29,9.77,5.15,4.84,0.0,0,5.03
6.48,44.06,6.97,6.24,0.1245,10,7.07
19.69,43.62,2.59,4.04,0.0,0,4.33
9.44,25.5,5.79,4.89,0.0219,0,5.38
2.24,55.49,7.66,6.71,0.0,2,6.79
5.06,10.02,4.77,4.43,0.0126,0,3.88
5.32,16.04,2.5,3.22,0.0514,0,2.93
11.99,3.79,5.72,5.4,0.0542,0,5.56
5.83,47.73,4.38,5.14,0.0,0,5.06
15.35,37.31,4.41,3.82,0.0396,0,4.95
13.48,18.9,4.8,4.16,0.0,0,5.23
6.16,9.83,3.17,4.13,0.0,0,3.94
7.44,2.41,5.59,5.47,0.0,0,5.61
10.82,10.0,5.82,5.41,0.0,0,5.87
7.78,27.2,6.88,6.56,0.0,0,7.06
3.9,14.83,4.47,4.17,0.0,0,4.39
11.24,15.54,5.94,5.81,0.0236,0,5.89
6.4,52.53,5.83,5.16,0.0012,0,5.69
3.86,30.91,4.88,4.39,0.0,0,4.09
6.87,43.76,6.38,5.28,0.0,0,5.64
6.93,2.14,5.95,6.05,0.0015,0,6.04
8.59,21.91,4.91,4.49,0.0,0,4.21
17.89,28.75,2.82,3.21,0.0,0,3.58
18.87,11.19,3.72,3.77,0.0922,0,3.84
17.39,7.21,5.32,4.25,0.0383,0,4.56
10.01,52.22,7.79,6.14,0.0599,16,6.78
3.37,56.37,2.13,4.27,0.1187,6,3.93
13.24,4.73,5.58,5.53,0.0,0,5.73
15.83,20.94,4.66,4.25,0.0,0,4.79
6.52,57.5,7.17,5.85,0.0455,0,6.22
4.84,4.99,6.14,5.97,0.0,0,6.08
5.74,38.62,2.66,3.04,0.1724,8,3.09
15.42,58.33,6.65,5.94,0.0,12,6.94
17.48,58.69,5.19,5.68,0.0664,0,6.04
17.7,28.27,6.02,5.75,0.101,15,6.83
15.18,9.76,5.71,5.0,0.0,0,5.48
19.31,12.13,4.43,4.7,0.0719,0,4.42
12.67,53.38,5.18,4.25,0.0192,0,4.84
18.71,54.7,6.45,5.68,0.0607,19,6.75
5.19,36.47,4.96,4.43,0.0,0,4.68
17.71,45.97,4.78,3.92,0.0,0,4.62
9.65,44.4,3.19,3.42,0.0,0,3.56
7.94,39.71,6.22,5.6,0.0161,0,6.35
13.22,49.64,6.73,6.46,0.1922,28,7.4
11.8,41.12,7.47,5.86,0.0968,9,6.38
7.06,32.04,4.78,4.83,0.0,0,4.91
6.5,14.22,5.83,5.71,0.0119,0,5.81
8.87,44.63,2.05,1.54,0.2795,38,2.19
4.82,28.41,5.18,5.09,0.0,0,5.09
3.19,17.69,5.63,5.49,0.0,0,5.6
9.81,48.12,6.71,6.11,0.0,10,7.05
2.36,41.8,5.42,5.32,0.0243,0,5.64
14.34,56.24,5.78,5.14,0.0,0,5.05
5.28,9.93,5.74,5.68,0.0421,0,5.83
17.91,38.95,5.57,5.56,0.0254,0,5.85
6.49,14.65,4.2,4.09,0.0176,0,4.35
18.76,54.21,4.85,4.15,0.0193,0,5.17
12.02,5.97,5.58,5.45,0.0043,0,5.57
9.13,39.37,2.78,3.25,0.0,0,3.3
3.16,47.47,5.27,4.89,0.0,0,5.53
5.06,21.3,6.38,6.04,0.0959,0,6.43
12.98,57.25,2.08,4.15,0.0,0,4.11
6.61,51.04,6.38,5.5,0.133,14,6.92
7.06,17.68,4.94,4.81,0.0,0,5.12
3.82,0.45,3.98,4.0,0.0055,0,3.99
9.14,17.8,3.89,3.76,0.0417,0,4.36
7.63,16.88,4.58,3.9,0.0,0,4.14
16.62,53.4,8.66,6.91,0.3882,52,8.15
19.2,58.03,7.64,5.79,0.1493,33,6.86
6.51,4.23,5.2,5.06,0.0,0,5.25
3.44,28.28,5.79,5.33,0.0,0,5.67
19.4,32.9,4.84,4.33,0.0424,0,3.82
2.5,5.57,3.42,3.48,0.0947,0,3.43
19.66,22.65,4.67,4.14,0.0216,0,4.8
5.07,19.02,4.72,4.68,0.0359,0,4.79
18.11,32.16,2.89,3.91,0.0,0,4.24
7.47,39.67,5.72,5.08,0.0,0,5.54
4.07,42.21,5.63,4.44,0.0,0,4.89
5.73,8.21,3.65,3.73,0.0273,0,3.94
2.23,48.78,6.06,4.96,0.0,0,5.57
3.12,40.71,5.99,5.22,0.0353,0,5.05
8.63,53.34,6.44,6.02,0.0,14,7.04
6.6,26.96,6.02,5.6,0.0609,0,5.68
4.1,53.63,6.65,5.29,0.0,4,6.12
18.92,51.95,6.54,4.89,0.0391,7,5.73
11.43,26.3,6.69,6.19,0.0535,0,6.45
18.05,22.87,5.92,5.38,0.0,0,5.66
3.45,55.97,6.33,5.5,0.0333,4,6.35
19.69,42.91,6.2,5.29,0.0644,12,6.42
3.5,55.69,7.17,6.47,0.1203,12,6.99
6.84,47.82,5.02,4.59,0.0,0,5.36
18.29,36.56,6.81,5.93,0.1065,22,7.08
3.15,6.95,5.95,5.84,0.0811,0,5.89
8.16,17.49,4.81,4.76,0.0,0,4.88
14.36,58.13,6.84,5.29,0.1732,22,6.54
6.09,19.17,5.68,5.39,0.0044,0,5.69
17.55,5.6,6.34,6.05,0.0,0,6.54
4.14,42.45,6.5,6.13,0.0919,1,6.78
6.06,44.04,2.17,2.02,0.3678,32,2.17
11.0,17.13,7.05,6.22,0.0356,0,6.67
13.65,17.86,4.07,3.85,0.0,0,3.98
17.82,28.13,6.64,5.53,0.0785,5,6.35
6.76,1.31,5.36,5.34,0.0,0,5.4
11.59,47.36,6.62,6.19,0.1641,19,7.12
4.96,19.03,5.49,5.16,0.0,0,5.26
16.24,51.23,8.1,6.03,0.2424,31,7.11
13.48,48.16,7.81,6.08,0.1248,23,6.93
4.3,39.68,5.39,4.8,0.0314,0,5.36
9.64,19.49,3.91,4.17,0.0884,0,4.23
6.0,30.98,6.24,5.93,0.0315,0,6.35
10.08,26.69,4.92,4.4,0.0,0,4.64
16.36,20.33,5.58,5.27,0.0896,0,5.31
13.16,50.89,4.89,4.17,0.0119,0,5.13
18.15,29.01,6.75,5.83,0.1252,16,6.75
13.15,49.96,5.48,4.77,0.18,27,6.74
3.59,6.31,4.47,4.11,0.0128,0,4.17
4.69,8.46,4.78,4.28,0.0673,0,4.43
5.23,58.64,8.16,7.13,0.065,13,7.3
5.98,35.27,4.81,4.53,0.0,0,5.36
14.35,30.59,5.84,5.68,0.0,0,5.99
10.37,31.39,4.29,4.14,0.0506,0,4.47
17.67,12.92,5.78,5.02,0.072,0,5.4
2.9,43.12,7.19,6.28,0.1244,8,6.99
15.9,5.09,4.79,4.23,0.0586,0,4.46
6.43,34.4,5.84,5.21,0.0,0,5.73
6.38,34.25,3.12,2.84,0.0424,0,3.06
19.75,54.85,8.01,6.35,0.2205,47,7.66
17.13,31.57,6.97,6.28,0.1486,28,7.47
4.92,8.22,2.46,2.68,0.0,0,2.76
9.17,34.37,6.17,5.72,0.0,0,6.47
9.95,5.48,4.72,4.46,0.0,0,4.94
7.58,12.23,5.62,5.07,0.0,0,5.18
16.35,1.87,4.99,5.12,0.0099,0,5.14
16.24,30.8,4.12,3.95,0.0,0,4.4
12.65,5.07,4.0,5.07,0.0,0,4.83
17.16,28.16,4.94,4.5,0.0,0,4.97
11.56,55.98,7.53,6.41,0.0989,30,7.54
6.86,43.19,6.66,6.05,0.014,1,6.61
13.47,4.64,4.68,4.7,0.0043,0,4.69
7.66,13.45,4.35,4.71,0.0,0,4.78
16.89,40.42,7.02,5.56,0.0,1,6.09
13.68,53.68,8.79,7.22,0.2361,44,7.95
14.7,1.98,5.92,5.45,0.0305,0,5.67
2.79,48.75,5.35,4.69,0.0268,0,5.16
11.43,33.71,5.73,5.17,0.0457,0,5.47
2.21,32.77,5.38,5.26,0.0422,0,5.63
4.99,57.47,5.96,5.27,0.1458,15,6.57
2.93,44.86,6.82,6.27,0.0335,0,6.64
9.85,51.01,5.9,5.19,0.0396,0,6.46
11.96,21.24,5.8,5.12,0.0101,0,5.73
11.23,33.26,4.61,4.34,0.0,0,4.92
5.74,36.92,6.93,6.2,0.0391,1,6.75
19.37,19.3,2.95,2.7,0.1616,16,3.01
11.06,34.21,5.09,4.41,0.0,0,5.7
18.13,14.2,4.09,4.04,0.0055,0,4.49
5.44,8.6,2.89,3.98,0.0725,0,3.64
13.22,22.44,5.64,5.69,0.0,0,6.14
5.36,44.36,5.97,5.55,0.0,0,6.23
16.46,54.97,5.92,5.32,0.0169,4,6.25
4.01,27.46,6.65,5.78,0.0,0,6.01
6.59,38.57,5.69,4.84,0.0101,0,5.54
5.78,6.18,3.77,3.68,0.0076,0,3.78
8.17,54.27,5.02,4.74,0.0367,0,5.68
6.11,34.12,5.76,5.23,0.0,0,5.47
9.33,46.82,5.1,4.68,0.0291,0,5.22
5.92,47.67,5.31,4.41,0.0,0,5.22
13.49,15.39,5.97,5.65,0.0,0,5.91
14.18,31.75,7.22,5.68,0.0,6,6.21
13.24,57.63,6.57,5.91,0.1113,28,7.31
9.1,5.38,5.71,5.38,0.0307,0,5.5
8.67,40.98,7.31,6.48,0.0097,6,6.96
6.14,57.74,1.99,2.06,0.4424,47,1.9
17.74,18.03,3.77,4.69,0.0181,0,4.7
4.14,51.69,8.27,7.03,0.0797,16,7.42
7.8,56.02,6.38,5.6,0.1222,16,6.71
7.66,44.83,6.02,5.1,0.0,0,5.56
18.1,13.88,4.63,4.24,0.0353,0,4.57
16.14,20.04,3.86,4.22,0.0,0,4.43
14.89,2.15,3.36,3.3,0.1548,14,2.71
11.1,49.89,3.97,4.24,0.0,0,4.98
8.93,50.98,5.42,4.91,0.0395,0,5.65
7.75,37.96,6.04,5.63,0.0,0,6.31
16.96,21.15,6.18,6.01,0.0,0,6.51
9.53,4.61,4.41,4.36,0.0,0,4.68
17.71,45.18,8.56,7.14,0.3996,53,8.3
16.38,43.59,-0.6,3.15,0.3904,58,1.91
9.46,54.76,6.56,5.2,0.0223,0,5.62
7.29,43.83,5.79,5.02,0.0,0,6.18
7.79,49.72,4.37,4.44,0.0191,0,4.52
6.32,44.76,4.28,4.51,0.0152,0,4.25
7.51,37.84,4.62,4.32,0.0221,0,5.12
4.45,25.62,6.66,6.36,0.0,0,6.5
17.3,54.13,9.04,7.54,0.3847,59,8.53
19.93,39.06,5.21,5.07,0.08,10,6.18
7.45,23.9,6.85,6.52,0.0,0,6.69
12.1,5.01,3.63,3.77,0.0681,0,4.03
17.03,17.44,3.62,4.26,0.0,0,4.26
6.16,32.62,6.71,5.86,0.0059,0,6.38
16.4,16.54,5.67,5.6,0.0234,0,6.03
10.23,13.27,5.5,5.19,0.0531,0,5.53
11.81,31.64,3.86,3.95,0.0126,0,3.99
13.92,10.19,6.51,6.35,0.0008,0,6.41
19.61,48.02,6.27,5.63,0.0,3,6.39
9.91,29.06,6.26,5.8,0.0,0,6.58
18.85,34.43,7.78,6.82,0.1256,27,7.47
9.04,8.84,5.75,5.83,0.0,0,6.01
3.67,19.47,5.95,5.89,0.0,0,6.23
15.05,24.61,3.17,3.65,0.1268,17,2.82
11.95,48.49,6.58,5.5,0.0066,0,6.04
3.7,46.21,5.11,4.57,0.0457,0,5.32
4.77,13.38,4.6,4.22,0.0159,0,4.63
9.11,36.97,6.08,5.44,0.0,0,5.81
6.7,14.61,4.19,3.92,0.0597,0,4.41
6.71,59.29,4.7,4.24,0.0,0,4.86
10.22,57.13,4.42,3.84,0.0807,0,5.04
7.2,33.8,4.64,4.38,0.0399,0,4.74
14.12,41.93,7.1,6.15,0.1741,21,6.92
6.01,48.09,6.51,5.55,0.0132,0,6.07
17.78,43.26,7.19,5.98,0.0406,0,6.33
14.02,41.99,6.98,6.08,0.1097,9,6.73
19.41,57.51,7.7,6.66,0.2193,45,8.0
15.05,35.79,6.14,5.53,0.0323,1,6.34
7.63,38.18,5.11,4.6,0.0,0,4.53
12.11,50.96,6.6,5.75,0.0116,9,6.52
14.73,40.19,7.07,6.6,0.1303,29,7.64
5.42,43.98,7.15,6.42,0.0,0,6.01
5.22,14.05,3.92,3.77,0.0,0,3.81
6.94,22.28,4.53,4.09,0.0949,0,4.38
8.77,8.84,6.09,5.63,0.0,0,5.95
11.44,30.35,5.31,4.81,0.0314,0,5.46
2.62,27.34,5.13,4.93,0.0372,0,4.98
7.07,59.83,4.9,5.61,0.0,0,6.11
15.1,36.67,6.49,5.38,0.0,0,5.83
3.62,47.19,5.94,5.61,0.0525,7,6.6
6.94,20.04,5.14,4.93,0.0773,0,5.57
5.11,49.89,6.0,6.12,0.0,0,6.34
6.16,36.91,5.04,4.15,0.0,0,4.64
10.88,41.82,5.48,4.66,0.0,0,4.74
7.31,17.67,5.28,5.28,0.0183,0,5.4
10.65,32.92,4.84,4.31,0.0047,0,5.24
14.42,38.04,6.31,5.49,0.0867,0,6.12
13.21,35.35,5.55,5.25,0.0657,8,6.46
8.47,54.91,7.34,6.68,0.3402,46,8.4
10.16,53.9,4.68,4.07,0.022,0,5.29
14.21,58.26,4.84,4.79,0.0556,3,5.8
17.91,40.05,5.27,4.32,0.0698,0,5.03
4.75,58.31,4.6,4.17,0.014,0,5.16
13.3,49.95,4.9,5.03,0.0345,0,5.27
10.43,16.25,4.02,3.94,0.0741,0,4.19
10.48,25.65,6.88,6.5,0.0239,3,6.91
7.32,14.3,5.48,5.23,0.0,0,5.48
4.27,0.25,4.7,4.58,0.0,0,4.57
19.82,11.28,5.03,4.41,0.0,0,4.67
2.58,0.24,5.56,5.46,0.0,0,5.53
15.22,43.19,8.38,6.94,0.2937,35,7.43
7.95,25.53,6.35,5.62,0.0125,0,5.83
14.08,18.75,5.19,4.82,0.0,0,5.27
12.27,45.7,4.48,4.15,0.0,0,5.08
6.59,49.95,6.03,5.52,0.0374,0,5.67
9.17,58.52,7.3,6.52,0.2381,32,7.54
4.46,38.52,7.52,6.67,0.0,0,7.13
6.68,27.69,6.9,6.62,0.0,0,6.84
11.2,18.32,5.98,5.87,0.0,0,5.97
6.09,13.34,5.86,5.59,0.0,0,6.03
15.71,12.78,4.39,4.37,0.0,0,4.49
15.54,24.55,5.46,5.2,0.0,0,5.86
14.21,59.51,7.27,6.35,0.4532,54,8.55
12.65,0.05,4.05,4.15,0.0,0,4.13
11.51,11.83,4.44,4.07,0.0376,0,4.28
5.36,11.3,5.8,5.8,0.0,0,6.13
8.5,43.03,4.38,4.19,0.0214,0,5.04
19.12,21.15,5.68,4.33,0.0,0,4.27
13.83,27.44,3.68,3.51,0.0191,0,4.08
6.88,8.92,2.31,2.72,0.0,0,2.64
11.75,24.3,6.21,5.91,0.0,0,6.37
17.09,6.19,6.27,6.13,0.0,0,6.33
7.42,31.98,5.81,5.71,0.0,0,6.09
9.39,5.88,4.12,3.91,0.0,0,4.03
15.19,47.43,3.25,5.62,0.0,0,5.14
9.73,34.0,4.97,4.26,0.0,0,4.5
2.81,43.44,5.4,4.96,0.0,0,5.27
6.96,25.11,6.34,6.22,0.0,0,6.45
2.68,22.89,4.85,4.47,0.0255,0,4.79
6.03,5.89,4.51,4.21,0.0002,0,4.42
5.19,31.43,5.91,5.24,0.0187,0,5.99
3.52,30.87,5.95,5.15,0.0442,0,5.91
13.72,28.09,6.62,5.92,0.0,0,6.32
4.3,44.43,6.85,6.02,0.1007,0,6.59
8.49,49.95,4.87,4.67,0.043,0,5.42
14.25,45.05,6.62,5.82,0.0524,7,6.52
12.64,8.63,4.14,4.02,0.0,0,4.37
3.6,37.32,6.08,5.36,0.0479,0,5.88
19.75,4.82,3.51,3.51,0.0638,0,3.75
14.53,41.68,6.45,5.16,0.0,0,5.81
11.64,22.91,6.61,6.12,0.0178,0,6.54
12.37,7.95,3.97,3.99,0.02,0,4.07
6.29,51.72,6.0,5.35,0.0551,4,6.2
6.52,36.84,6.52,6.21,0.0666,6,6.89
7.47,21.28,2.44,2.04,0.2719,13,2.57
6.13,1.84,4.54,4.26,0.0,0,4.32
6.1,32.24,7.03,6.34,0.0484,0,6.69
2.79,55.39,6.24,5.52,0.0,0,5.36
3.81,35.78,6.16,5.84,0.0727,0,6.2
7.37,58.3,7.68,6.7,0.165,32,7.65
12.28,8.19,4.77,4.51,0.0,0,4.69
10.03,34.1,3.84,3.73,0.0324,0,4.01
6.24,47.89,5.13,3.98,0.0,0,4.53
7.68,31.53,2.96,3.88,0.0,0,3.73
4.54,5.46,5.55,5.26,0.0,0,5.54
14.22,34.97,5.72,5.27,0.0162,0,5.79
4.65,36.7,6.23,5.87,0.0354,3,6.57
6.67,43.72,2.83,3.19,0.0,0,3.2
8.18,45.67,6.43,6.01,0.0,3,6.74
12.1,46.25,6.46,5.59,0.0,0,6.15
19.53,39.81,6.89,5.42,0.0422,14,6.21
16.58,12.95,5.03,4.71,0.0,0,5.27
7.21,24.25,5.22,5.31,0.0,0,5.42
5.97,46.57,7.43,6.25,0.0116,9,6.74
4.6,57.21,7.53,6.74,0.1492,19,7.43
6.54,4.74,6.09,5.85,0.1364,0,5.95
7.43,32.13,6.73,6.33,0.0208,0,6.49
17.83,18.75,1.67,2.16,0.3787,51,2.03
18.91,13.52,6.27,5.84,0.036,1,6.3
6.36,30.35,6.49,6.02,0.1332,0,6.21
6.7,36.37,4.75,4.36,0.0,0,4.87
6.01,0.59,4.52,4.44,0.0712,0,4.47
6.57,46.81,4.96,4.34,0.0,0,5.11
8.14,49.19,6.72,5.88,0.0297,13,6.9
6.87,57.93,5.6,5.06,0.0,0,5.5
7.12,10.84,4.84,4.47,0.0,0,4.49
16.68,35.67,6.86,6.38,0.1401,23,7.28
16.64,25.6,5.64,5.36,0.0,0,6.19
13.03,20.09,4.37,4.05,0.0,0,4.34
16.96,33.94,4.94,4.86,0.0,0,5.31
13.94,46.94,6.06,5.63,0.1309,24,6.95
9.72,1.38,4.11,3.92,0.0009,0,3.34
13.42,58.16,6.41,5.7,0.1461,24,6.8
13.0,48.59,6.54,5.91,0.015,8,6.5
17.35,45.07,6.14,5.69,0.1298,16,6.65
19.73,45.62,9.43,6.85,0.2475,50,8.24
11.17,23.34,6.88,6.3,0.0053,0,6.45
16.45,45.1,8.05,7.28,0.3971,55,8.38
6.5,23.21,4.3,4.34,0.0873,0,3.85
16.65,53.92,6.46,4.86,0.0187,0,5.45
10.57,10.63,4.75,4.58,0.036,0,4.79
5.59,17.54,5.34,4.99,0.0,0,5.4
10.45,33.08,7.09,6.23,0.0428,1,6.58
4.91,19.15,5.76,5.53,0.0181,0,5.63
6.79,25.45,5.38,5.08,0.0,0,5.43
3.92,29.55,4.66,4.25,0.0562,0,5.09
6.17,51.38,6.25,5.63,0.0281,0,6.09
18.95,31.39,6.82,5.89,0.0723,6,6.58
15.61,21.75,6.88,6.41,0.0,0,6.63
9.95,14.86,4.91,4.61,0.0885,0,4.7
10.86,24.52,7.92,6.73,0.126,12,7.17
16.11,30.94,6.64,5.84,0.1117,15,6.81
14.02,44.77,7.31,6.41,0.1314,24,7.55
15.07,7.26,3.67,3.56,0.0079,0,3.95
5.64,13.3,5.25,5.15,0.0247,0,5.35
5.42,22.78,4.42,4.25,0.0,0,4.5
19.85,21.62,6.66,6.47,0.1566,7,6.87
8.21,23.5,6.04,5.72,0.0,0,5.82
5.74,47.61,6.52,5.87,0.0,0,6.35
3.25,19.45,4.85,4.43,0.0461,0,4.86
5.02,30.11,6.45,6.06,0.0655,0,6.4
16.46,37.43,4.95,4.54,0.0,0,5.37
9.39,13.93,5.07,4.8,0.0,0,4.95
6.22,43.12,4.59,4.25,0.0,0,5.26
7.05,32.83,5.67,5.22,0.08,0,5.6
11.41,26.81,5.96,4.97,0.094,0,5.29
2.47,48.59,6.72,6.24,0.0,0,6.79
2.64,14.61,4.47,4.48,0.1093,0,4.7
12.05,52.99,7.61,6.23,0.0897,13,6.98
2.96,33.66,5.61,4.99,0.0,0,5.42
7.87,36.55,6.08,5.51,0.0,0,6.31
2.95,52.5,4.87,4.3,0.0,0,4.85
4.92,49.05,4.82,4.16,0.0128,0,5.02
4.18,36.09,6.92,6.08,0.058,0,6.3
10.74,45.19,6.59,6.2,0.1789,26,7.37
19.16,26.0,6.44,5.66,0.0,0,5.82
13.84,32.84,6.93,6.55,0.1582,20,7.45
10.17,3.72,5.69,5.62,0.0146,0,5.98
7.33,5.39,5.1,5.0,0.0,0,5.19
18.66,49.77,4.67,5.41,0.0,0,5.59
9.11,3.58,4.06,3.97,0.0285,0,4.14
7.0,10.16,5.2,5.0,0.0,0,5.65
19.38,47.75,3.89,3.68,0.0295,0,4.39
6.74,0.07,5.32,5.36,0.0111,0,5.38
15.79,16.94,5.06,4.89,0.0606,0,5.14
14.22,35.04,1.72,2.15,0.367,39,2.16
15.2,35.73,4.61,4.24,0.0,0,4.85
10.27,46.63,5.59,4.87,0.0,0,5.62
9.71,30.36,5.96,5.33,0.0154,0,5.8
15.26,30.56,4.35,3.86,0.0,0,4.33
7.94,43.52,4.95,4.23,0.0,0,4.48
2.24,29.92,5.86,5.3,0.0256,0,5.53
7.82,36.51,4.75,4.29,0.0,0,3.85
5.12,53.87,6.9,6.14,0.0595,0,6.44
19.55,24.09,6.09,5.37,0.0,0,5.2
11.48,23.11,6.56,6.28,0.0196,0,6.46
19.54,0.21,5.64,5.36,0.0416,0,5.74
7.1,36.81,5.51,6.15,0.0617,0,6.38
13.81,1.79,5.27,5.1,0.1016,0,5.1
8.01,30.25,4.42,4.14,0.025,0,5.27
16.85,48.25,8.71,7.38,0.3685,49,8.36
16.76,33.0,4.98,4.41,0.0231,0,5.58
6.43,16.18,4.19,4.13,0.0,0,4.7
18.68,47.17,5.52,5.0,0.1133,17,6.19
5.44,16.18,3.98,3.72,0.006,0,4.01
3.29,43.98,5.9,5.37,0.0738,0,5.93
7.17,36.62,5.76,5.28,0.0265,0,5.66
18.24,10.2,4.98,4.53,0.0281,0,5.08
19.35,54.31,6.91,5.34,0.1344,31,6.96
4.11,12.04,5.39,5.09,0.0,0,5.42
6.58,59.38,7.15,6.8,0.189,27,7.54
7.83,0.44,5.52,5.39,0.0028,0,5.44
12.51,15.81,5.08,4.71,0.0175,0,5.1
5.93,11.99,5.64,5.27,0.0,0,5.49
7.25,0.84,2.8,3.38,0.0,0,3.19
14.9,43.94,6.47,5.71,0.1472,21,6.83
4.38,41.61,4.99,4.38,0.0,0,5.55
6.16,47.54,5.65,5.77,0.0019,0,5.76
14.93,15.4,3.98,3.81,0.0,0,3.96
12.0,26.66,5.17,5.03,0.0,0,5.17
17.18,39.55,3.1,3.71,0.0972,0,3.43
7.34,26.39,2.9,3.09,0.0,0,3.61
16.85,41.84,4.63,6.11,0.0214,0,6.06
5.96,38.04,4.08,3.74,0.0,0,4.01
7.64,6.88,5.04,5.15,0.0804,0,5.14
14.84,46.86,5.73,5.4,0.0,0,5.99
17.82,43.24,7.39,6.43,0.0993,6,6.96
8.79,39.35,5.3,5.45,0.0,0,5.88
9.91,9.31,4.86,4.88,0.0,0,4.9
13.06,16.08,5.89,5.5,0.0062,0,5.68
6.56,23.59,6.88,6.26,0.0388,0,6.75
17.17,16.8,4.97,4.24,0.0,0,5.12
7.67,13.67,5.2,5.16,0.012,0,5.47
7.18,48.32,6.56,5.76,0.0,5,6.41
7.25,38.29,5.36,4.93,0.0,0,5.59
6.23,33.93,6.17,6.01,0.0049,0,6.21
10.06,13.56,5.55,5.2,0.0259,0,5.32
5.24,55.08,7.93,6.93,0.2953,28,7.79
5.75,11.47,5.15,5.08,0.0525,0,5.3
14.13,47.7,2.14,3.45,0.0,4,3.35
4.24,58.0,5.25,4.26,0.0659,0,4.59
4.96,43.63,5.67,5.05,0.0759,0,5.41
10.33,59.57,7.15,6.02,0.1409,22,6.97
9.22,39.06,4.55,4.18,0.0388,0,5.03
17.61,13.05,5.59,4.64,0.0,0,5.8
5.75,12.23,5.31,5.01,0.0,0,5.22
10.95,19.47,4.22,3.84,0.0,0,4.1
10.55,0.43,6.27,6.08,0.0725,0,6.19
9.27,40.9,6.77,6.37,0.0251,6,6.87
18.68,16.12,2.94,3.25,0.0812,0,3.31
2.47,48.91,7.54,6.62,0.2241,13,7.22
5.96,21.55,5.18,4.86,0.0,0,4.85
15.72,28.8,5.4,4.92,0.0904,0,5.28
12.91,57.94,3.75,3.12,0.0431,0,3.75
18.51,14.53,5.04,4.76,0.0079,0,5.49
9.69,43.28,4.91,4.59,0.0,0,4.96
13.61,45.31,5.0,3.87,0.0246,0,3.92
12.51,13.26,4.8,4.5,0.0,0,4.85
12.34,30.06,3.73,2.91,0.0038,0,3.55
11.84,21.01,4.69,4.15,0.0047,0,4.24
8.08,46.31,5.58,4.98,0.0,0,6.05
16.34,37.35,6.72,5.29,0.156,16,6.53
11.77,28.56,6.92,6.47,0.1267,8,7.11
19.38,46.76,5.26,5.29,0.0207,1,6.19
8.91,14.11,5.33,4.68,0.0299,0,4.87
15.24,45.22,7.15,6.54,0.2456,33,7.68
2.15,51.92,4.91,4.79,0.0235,0,5.33
14.95,52.72,6.81,5.61,0.2395,24,7.0
5.22,47.02,6.06,5.24,0.0,0,5.5
17.41,24.48,2.85,2.78,0.0413,0,3.08
10.4,58.91,5.18,4.42,0.1127,23,6.58
2.97,22.78,6.01,5.81,0.0335,0,6.09
7.37,38.32,6.83,6.46,0.051,0,6.81
13.03,9.66,5.85,5.64,0.0,0,5.7
8.46,58.83,4.08,3.11,0.0,0,3.93
16.16,42.24,5.73,4.92,0.1434,4,6.04
6.14,45.2,6.97,5.98,0.0916,1,6.29
11.17,3.95,3.79,5.06,0.0,0,4.7
9.03,45.81,5.25,4.46,0.0,0,5.47
19.98,46.48,5.35,4.92,0.1114,15,6.26
6.08,40.31,6.52,6.03,0.0594,0,6.68
5.65,17.51,6.41,6.15,0.007,0,6.56
7.82,29.38,6.44,6.44,0.0851,0,6.26
19.57,6.63,3.84,4.0,0.0557,0,4.17
19.69,28.3,6.31,4.84,0.0313,0,5.46
14.82,14.63,5.21,4.84,0.0647,0,4.98
4.68,20.95,5.54,5.33,0.0043,0,4.68
8.21,9.76,3.88,3.72,0.0181,0,3.84
6.95,13.8,6.66,6.42,0.0,0,6.96
7.14,4.59,5.58,5.56,0.021,0,5.59
6.52,55.19,5.31,4.67,0.0,0,5.48
6.68,31.82,6.67,6.23,0.1626,13,7.21
3.09,23.8,5.27,5.26,0.0,0,5.65
2.52,32.1,3.89,3.66,0.0,0,4.4
10.5,37.7,5.66,5.13,0.0245,0,5.78
3.18,55.31,7.59,6.4,0.1664,13,7.12
6.14,10.72,2.77,3.21,0.1053,0,3.15
7.26,17.73,6.13,5.39,0.0,0,6.12
11.99,58.55,6.14,4.75,0.0,0,5.16
4.82,22.27,5.27,4.92,0.0,0,5.16
17.48,1.35,4.49,4.42,0.0,0,4.67
2.6,8.86,3.71,3.65,0.0051,0,3.71
13.9,1.58,5.01,4.62,0.0849,0,3.56
9.01,59.4,5.58,3.96,0.0277,0,5.08
14.69,16.73,4.98,4.79,0.0572,0,5.46
19.79,55.41,4.64,4.83,0.0,0,5.1
5.74,59.75,5.29,4.61,0.0215,0,5.64
18.3,35.99,6.71,6.3,0.1684,23,7.33
3.26,1.99,5.31,5.26,0.0,0,5.3
8.78,4.9,5.89,5.8,0.0,0,5.8
19.32,28.9,4.31,3.93,0.0488,0,3.65
12.25,24.37,5.24,4.92,0.0,0,5.39
9.98,36.37,4.53,5.53,0.0222,0,5.32
7.72,26.33,2.59,2.97,0.0,3,2.92
2.76,56.04,6.45,5.36,0.0,2,6.08
17.49,32.08,6.43,6.23,0.0447,0,6.23
14.22,41.62,6.25,5.23,0.1104,13,6.58
18.7,53.79,6.47,5.35,0.0369,0,6.05
8.48,8.81,4.85,4.44,0.0,0,4.81
6.82,13.78,6.55,6.11,0.0563,0,6.4
5.09,6.44,3.77,3.57,0.0,0,3.61
5.34,8.38,5.41,5.3,0.0,0,5.41
3.54,30.76,5.82,5.43,0.0,0,5.98
5.9,19.27,5.67,5.15,0.0,0,5.32
9.63,25.39,4.92,4.37,0.0,0,4.81
5.22,58.95,6.84,6.42,0.1084,18,7.24
16.73,9.4,4.54,4.28,0.0637,0,4.5
5.23,32.45,6.21,5.97,0.0358,0,6.54
17.25,5.93,6.84,6.2,0.0,0,6.48
9.51,19.11,5.65,5.49,0.0096,0,5.75
7.99,31.65,5.71,5.21,0.0,0,5.05
8.39,56.8,4.79,4.49,0.0129,0,5.26
12.03,23.47,6.06,5.66,0.0,0,5.97
11.37,3.89,6.33,6.01,0.0,0,6.24
9.33,23.29,5.62,4.7,0.0,0,5.21
7.58,8.74,5.84,5.46,0.0,0,5.93
16.43,13.8,5.57,5.3,0.0432,0,5.94
19.85,37.09,6.81,6.41,0.1665,22,7.28
16.67,4.05,3.71,3.71,0.0,0,3.76
9.44,27.88,6.13,5.16,0.0654,0,5.79
4.3,36.57,6.26,5.68,0.0141,0,5.44
8.26,25.31,3.86,4.42,0.0,0,4.33
5.9,1.15,5.65,5.6,0.0228,0,5.63
13.27,59.13,6.25,4.56,0.0775,10,5.66
14.08,22.03,6.87,6.23,0.0,0,6.45
6.91,46.71,4.62,4.26,0.1385,0,5.36
15.2,19.54,3.34,3.87,0.0,0,3.8
9.38,28.5,3.84,4.2,0.0,0,4.34
9.95,23.31,5.86,5.38,0.0,0,5.54
15.22,20.55,4.87,4.57,0.0447,0,4.83
10.24,1.31,5.51,5.31,0.1461,0,5.62
6.0,21.6,5.1,4.89,0.0,0,5.16
10.62,53.37,7.86,6.9,0.339,45,8.37
7.23,41.42,5.86,5.62,0.1358,7,6.53
6.32,8.73,5.44,5.32,0.0,0,5.51
4.06,35.47,7.39,6.21,0.0277,0,6.58
17.8,53.53,6.4,5.61,0.162,23,6.7
8.3,42.0,7.25,6.38,0.1709,18,7.32
4.98,8.92,4.52,4.52,0.0,0,4.78
16.08,52.07,7.02,5.87,0.2301,32,7.15
8.17,18.09,5.55,4.99,0.0,0,5.26
10.9,27.24,5.53,5.29,0.0,0,5.91
5.96,31.57,6.01,5.03,0.0143,0,5.57
8.39,51.03,5.87,5.29,0.0,0,5.94
16.89,55.9,5.88,4.95,0.1609,18,6.33
2.66,55.78,6.1,4.88,0.0,0,5.59
4.38,0.48,4.53,4.41,0.0,0,4.54
10.04,55.31,6.38,5.02,0.006,0,4.98
7.01,3.26,5.2,4.87,0.046,0,5.0
6.11,15.95,4.92,4.56,0.0621,0,4.42
19.88,30.9,6.59,5.19,0.0451,11,6.12
14.83,28.8,5.17,4.65,0.0806,0,5.24
13.13,36.28,5.22,4.53,0.0,0,5.19
16.48,28.77,6.28,5.16,0.0,0,5.51
17.6,56.06,3.86,3.54,0.056,0,4.74
17.1,14.43,6.7,6.24,0.0117,0,6.69
5.25,16.44,4.04,3.87,0.0,0,4.36
7.8,55.24,7.39,5.83,0.2111,28,7.28
14.82,4.6,5.33,5.04,0.0,0,5.32
5.34,36.57,1.64,3.06,0.265,26,2.79
7.68,40.9,5.26,4.63,0.0,0,5.04
14.98,30.33,5.63,4.92,0.0,0,5.2
19.35,41.65,4.7,3.99,0.0233,0,4.69
8.02,10.37,5.27,5.16,0.0,0,5.47
17.96,51.16,6.47,6.08,0.2214,35,7.23
7.02,8.4,5.23,4.93,0.0156,0,5.42
19.84,24.05,6.64,6.15,0.0117,6,6.87
7.37,4.52,6.39,6.22,0.0147,0,6.36
12.75,32.71,3.89,3.42,0.0241,0,4.13
16.89,40.18,5.85,5.48,0.0246,7,6.34
11.49,56.47,5.69,5.36,0.0082,0,5.6
3.71,44.36,6.22,5.18,0.0,0,5.71
19.8,32.47,5.65,4.41,0.0695,0,5.11
11.38,55.96,4.55,4.03,0.027,0,5.32
14.06,28.71,6.44,6.11,0.0,0,6.46
5.82,33.67,5.41,5.01,0.0914,0,5.16
5.03,35.77,4.96,4.77,0.0,0,5.52
5.36,24.6,6.48,6.05,0.0104,0,6.54
11.06,50.31,2.27,5.17,0.0299,2,4.67
5.24,11.11,2.44,3.65,0.028,4,2.85
5.68,33.29,6.17,5.76,0.0,0,6.21
5.51,43.33,6.63,5.66,0.0,0,6.13
5.02,54.24,3.71,5.04,0.0086,0,5.01
5.84,53.04,5.31,4.97,0.0,0,5.12
7.84,30.52,6.72,6.28,0.0,0,6.04
7.88,38.59,5.14,4.75,0.0498,0,5.04
14.8,23.65,2.46,2.13,0.1944,17,2.6
3.35,28.09,4.93,4.99,0.0053,0,5.15
5.0,54.38,6.77,5.77,0.0108,1,6.33
7.24,55.84,7.17,5.83,0.0292,14,6.65
13.7,53.72,8.64,7.06,0.2527,42,7.91
14.93,8.3,5.5,5.15,0.0,0,5.14
4.11,51.01,6.37,5.91,0.0245,5,6.68
8.83,56.9,4.95,5.33,0.0415,0,5.32
6.34,21.67,7.11,6.46,0.0081,3,7.08
6.18,31.12,6.62,6.19,0.0,0,6.69
11.39,46.75,6.24,6.91,0.0314,3,7.0
19.19,33.72,5.92,6.03,0.0103,0,6.63
8.27,59.61,5.11,4.91,0.1094,10,6.27
3.0,27.34,4.6,4.21,0.0188,0,4.88
6.51,42.84,6.82,6.35,0.0648,1,6.88
6.68,47.56,3.86,4.25,0.0,0,4.31
15.2,29.65,6.14,5.39,0.0423,0,5.48
14.64,51.42,4.82,4.85,0.0474,11,6.37
6.22,32.77,3.08,4.28,0.0384,0,4.06
12.3,24.7,3.72,3.73,0.0,0,3.97
4.45,6.47,4.42,4.34,0.0364,0,4.48
9.34,23.6,2.82,4.33,0.003,0,3.68
14.94,44.04,7.69,6.61,0.2075,33,7.34
5.78,55.28,5.16,4.68,0.0,0,5.46
12.97,15.1,4.72,4.62,0.022,0,4.88
15.24,21.31,7.62,6.65,0.097,16,7.27
5.05,9.24,5.08,4.72,0.0153,0,4.94
5.17,41.44,2.59,2.85,0.1747,16,2.64
13.79,57.61,6.15,5.59,0.2002,36,7.29
16.68,38.46,5.96,5.12,0.0,0,5.41
8.73,37.02,6.85,6.42,0.1335,11,7.18
2.68,33.21,2.24,2.66,0.1105,7,2.78
6.32,5.31,6.07,5.91,0.0999,0,6.11
10.79,43.77,5.34,4.84,0.018,3,5.98
7.36,36.12,4.11,4.61,0.0641,0,4.43
7.52,39.69,4.64,4.4,0.0143,0,5.19
2.33,53.93,6.2,5.34,0.0776,2,6.28
13.72,47.04,5.69,5.26,0.0633,8,6.41
6.95,46.85,6.73,6.02,0.165,16,7.1
19.51,55.63,9.79,7.64,0.6295,70,9.17
17.17,59.4,8.12,6.63,0.3322,36,7.33
6.65,34.88,4.3,3.93,0.0688,0,4.14
6.83,6.53,5.39,5.07,0.0077,0,5.45
2.05,27.55,5.15,5.31,0.0078,0,5.34
10.17,47.26,6.19,4.43,0.0,0,4.91
5.52,1.66,5.52,5.51,0.0,0,5.58
13.12,3.41,4.8,4.67,0.0,0,4.93
10.82,4.03,5.19,4.99,0.0,0,5.02
6.52,43.86,3.0,4.31,0.0335,0,4.13
6.03,30.07,5.85,5.52,0.0143,0,6.02
18.73,22.13,7.56,6.28,0.0,2,6.63
16.35,6.34,5.58,4.72,0.0011,0,5.14
17.34,43.93,5.72,5.19,0.0,1,6.0
8.25,19.26,5.28,4.73,0.0,0,4.87
8.95,15.92,5.44,5.44,0.0,0,5.66
4.5,39.14,7.0,6.2,0.1271,2,6.74
16.48,33.54,8.25,7.19,0.1827,34,7.78
5.13,21.74,6.23,5.77,0.0368,0,5.63
15.75,38.49,5.36,4.85,0.0,0,5.57
18.22,16.27,5.99,5.54,0.0,0,6.26
14.58,47.69,5.83,4.7,0.0,0,5.58
10.81,13.76,4.68,4.15,0.0269,0,4.31
11.39,9.53,5.76,5.2,0.0,0,5.51
2.71,46.95,4.56,4.11,0.0,0,4.44
5.47,42.47,5.78,4.84,0.0,0,5.35
3.26,10.96,5.76,5.75,0.0279,0,5.89
11.58,6.97,4.26,4.26,0.0041,0,4.33
7.98,50.3,6.69,6.0,0.0744,17,7.17
3.69,46.6,4.84,4.53,0.0,0,4.99
9.16,19.64,4.8,4.48,0.0508,0,5.03
3.06,39.49,6.39,5.53,0.0349,0,5.68
12.06,7.45,5.26,5.1,0.0,0,5.37
10.83,30.42,5.74,5.03,0.0,0,5.36
3.92,1.12,5.77,5.73,0.0,0,5.9
11.77,23.5,6.82,6.36,0.0,0,6.24
3.13,4.49,5.08,5.18,0.0,0,5.19
5.75,28.51,5.82,5.26,0.0,0,5.55
17.99,25.3,5.67,4.87,0.0242,3,6.09
3.27,26.66,6.17,5.55,0.0,0,5.98
9.05,2.72,3.88,3.97,0.0238,0,3.84
3.07,21.7,6.9,6.34,0.0869,0,6.72
7.41,45.39,7.36,6.46,0.0445,12,6.93
9.18,22.13,6.58,6.12,0.0294,0,6.21
18.64,42.91,7.42,5.8,0.1866,18,6.56
4.69,22.17,6.28,5.9,0.0,0,6.06
6.23,25.39,5.98,5.64,0.0782,0,6.22
6.47,33.83,4.5,4.14,0.0961,0,4.4
7.34,57.04,7.81,6.73,0.2973,21,7.46
14.46,6.53,6.26,6.04,0.0,0,6.34
16.03,1.97,5.75,5.52,0.0657,0,5.68
17.89,36.48,6.58,5.47,0.0201,0,5.8
19.11,56.95,5.26,3.63,0.0,1,4.44
8.03,59.38,7.07,5.96,0.1826,28,7.18
9.65,29.05,6.23,5.32,0.0,0,5.6
8.6,28.08,4.78,4.36,0.0,0,4.84
7.34,38.7,5.72,5.32,0.0,0,5.75
18.72,33.34,5.86,4.75,0.0339,7,5.73
13.63,38.05,7.93,6.48,0.0831,18,7.09
16.07,52.44,8.95,6.99,0.2104,33,7.6
12.35,44.78,5.46,4.62,0.0,0,4.82
5.43,29.81,5.09,4.54,0.0,0,4.82
3.95,27.71,5.73,5.51,0.0151,0,6.06
7.9,38.38,5.23,4.63,0.0,0,5.5
15.78,27.34,5.47,4.72,0.0928,0,5.24
8.23,27.47,6.19,5.61,0.0462,3,6.6
15.83,0.98,5.36,5.5,0.0,0,5.57
17.16,10.44,3.52,3.66,0.2149,25,2.87
11.18,29.31,4.66,4.12,0.0,0,5.01
16.2,49.36,7.69,6.31,0.1611,32,7.36
4.7,16.72,6.04,5.8,0.0337,0,5.94
4.0,31.36,6.56,6.22,0.0,0,6.6
16.46,20.7,5.93,5.38,0.0592,0,5.67
19.88,6.29,2.91,3.94,0.0,0,3.77
2.99,57.5,6.36,5.76,0.0245,0,6.48
11.17,51.28,5.5,4.68,0.02,0,5.5
7.48,4.71,5.27,4.99,0.0,0,5.25
8.06,43.19,4.61,4.34,0.0442,0,4.68
15.4,20.85,3.95,3.86,0.0719,0,4.38
18.76,59.69,3.8,3.08,0.033,1,4.3
2.43,18.14,5.95,5.61,0.0,0,5.77
7.7,14.32,5.07,4.9,0.0,0,4.95
9.28,34.07,6.95,6.16,0.0477,1,6.7
6.87,50.11,5.47,5.01,0.0,0,5.26
9.36,11.55,6.04,5.55,0.0,0,5.66
8.5,42.56,3.8,3.74,0.0,0,3.47
16.04,3.68,5.72,5.43,0.0161,0,5.54
5.12,55.14,5.92,5.69,0.0,0,6.28
4.86,4.86,5.74,5.5,0.0,0,5.62
16.91,54.85,7.14,5.97,0.0637,12,6.5
8.99,29.45,6.8,6.26,0.0325,9,7.21
14.05,26.89,7.41,6.44,0.1356,17,7.21
6.67,58.4,2.74,3.34,0.0762,12,3.26
14.83,59.42,6.14,5.33,0.0864,11,6.47
11.69,39.01,3.93,3.88,0.0398,0,4.01
3.66,7.63,5.25,5.23,0.053,0,5.17
5.86,30.37,5.64,5.28,0.0021,0,5.49
16.38,31.75,6.33,5.96,0.0321,0,6.8
9.82,30.87,5.01,4.37,0.0487,0,4.62
6.55,34.17,5.49,5.12,0.0,0,5.51
6.08,1.12,5.08,4.95,0.0212,0,5.15
6.41,42.67,6.49,5.95,0.0203,7,6.85
13.74,42.74,3.57,4.1,0.0,0,4.64
5.17,6.93,4.21,3.98,0.0639,0,4.3
10.05,34.21,4.48,3.73,0.0603,0,4.16
5.47,34.1,6.05,5.15,0.0,0,5.57
9.42,40.95,6.12,4.61,0.0227,0,5.15
7.79,5.12,4.74,4.6,0.0,0,4.96
2.44,37.59,4.81,4.53,0.0,0,5.14
8.69,16.85,5.52,5.15,0.058,0,5.69
7.63,30.42,4.65,4.06,0.0,0,4.8
16.22,46.4,7.29,6.14,0.1585,20,6.92
5.69,42.34,3.17,2.23,0.17,14,3.17
8.16,7.13,6.03,5.65,0.1078,0,5.74
12.82,35.47,5.9,5.07,0.0,0,5.67
6.61,58.15,5.94,5.05,0.0,0,4.87
6.48,9.41,5.33,5.37,0.0281,0,5.44
7.59,51.17,6.19,5.42,0.037,6,6.5
15.24,42.15,5.68,4.56,0.0,4,5.83
11.41,46.44,6.05,5.12,0.0297,1,6.05
13.87,16.92,6.27,6.02,0.0055,0,6.32
16.01,17.27,4.85,4.62,0.0,0,4.7
3.54,54.36,6.2,5.51,0.0524,5,6.59
17.21,21.59,4.44,3.6,0.0704,0,4.34
15.83,3.78,5.92,5.81,0.0,0,6.11
14.23,36.04,6.08,5.27,0.0,0,6.17
7.26,7.49,4.32,4.32,0.0,0,4.25
17.54,47.8,6.75,5.21,0.0949,13,6.13
19.04,38.5,4.82,5.9,0.0237,0,5.92
7.05,52.48,5.82,5.18,0.0,0,6.17
12.32,47.09,3.74,4.38,0.0307,0,4.7
8.88,6.73,4.81,4.64,0.0,0,4.85
5.87,22.86,5.93,5.54,0.0634,0,6.04
4.13,46.47,4.65,4.17,0.0,0,5.49
7.11,25.04,4.67,4.21,0.0032,0,4.5
18.16,58.34,7.44,5.76,0.2068,16,6.41
5.33,44.14,6.2,5.9,0.0,0,5.46
6.57,0.93,3.52,3.72,0.0,0,3.77
5.22,52.8,3.93,2.84,0.2091,13,3.52
7.04,6.05,4.86,4.41,0.0267,0,4.61
7.37,8.43,5.51,5.25,0.0,0,5.65
7.51,44.07,6.41,5.5,0.0601,3,6.2
14.93,51.9,6.18,5.85,0.0238,31,7.15
13.26,32.18,1.95,3.29,0.2422,31,2.22
2.43,17.34,6.42,6.09,0.0905,0,6.26
7.72,21.08,6.23,5.46,0.0911,0,6.51
6.08,20.57,5.11,4.66,0.0,0,4.97
16.16,19.6,4.69,4.32,0.1357,0,5.2
15.68,14.57,5.47,4.93,0.0135,0,5.8
7.91,36.53,4.5,4.22,0.0,0,4.94
13.4,54.02,8.52,6.93,0.3024,45,7.68
6.27,18.42,5.83,5.49,0.0538,0,5.64
18.56,11.2,4.11,3.93,0.0801,0,4.24
18.61,50.31,7.62,5.93,0.1122,20,6.71
15.47,44.51,5.88,5.42,0.0267,0,6.25
18.89,55.85,6.71,5.71,0.259,37,7.21
2.58,9.93,4.75,4.53,0.0,0,4.65
4.55,8.66,4.48,4.23,0.0611,1,4.41
7.6,32.49,4.81,4.22,0.0,0,4.83
9.59,36.87,5.84,5.16,0.0,0,5.4
8.27,28.81,4.78,4.58,0.0,0,4.81
9.91,35.94,5.52,5.06,0.0,0,6.06
2.0,10.82,5.4,5.4,0.0165,0,5.48
7.59,28.78,7.25,6.2,0.0107,0,6.57
8.88,39.49,4.99,4.44,0.0,0,5.04
12.02,25.96,2.92,4.8,0.0287,0,4.12
8.5,40.77,5.89,5.57,0.0655,0,5.77
13.83,27.07,5.11,5.97,0.0,0,5.4
18.85,20.02,7.09,6.27,0.0,0,6.56
2.47,18.22,4.99,4.56,0.0074,0,4.93
15.0,24.65,4.29,3.94,0.0473,0,4.52
2.98,1.39,6.12,6.13,0.0696,0,6.14
6.42,40.11,4.16,4.04,0.0745,0,4.52
3.81,50.71,4.88,4.33,0.0,0,5.68
18.42,21.28,5.8,4.86,0.0004,0,5.58
8.73,2.76,5.04,4.77,0.0803,0,4.95
6.37,59.21,7.16,6.01,0.0137,7,6.36
6.45,15.82,5.61,5.5,0.0,0,5.76
7.63,7.6,6.32,5.77,0.0748,0,5.94
10.58,22.19,5.38,4.27,0.0,0,4.84
5.42,44.31,7.39,6.63,0.0855,9,7.11
7.06,17.63,4.21,4.94,0.093,0,4.67
2.77,34.48,5.01,4.71,0.0,0,5.44
5.82,24.93,4.44,3.86,0.0,0,3.9
14.85,7.07,6.04,6.02,0.0,0,6.09
6.49,19.82,7.27,6.47,0.0529,4,7.08
10.6,43.49,4.94,4.27,0.0,0,5.24
18.12,36.72,3.27,4.32,0.0,0,4.77
8.2,7.19,3.91,3.87,0.0,0,3.72
3.18,9.8,4.87,4.77,0.05,0,4.83
5.68,38.44,5.23,6.47,0.0,0,6.39
2.53,48.8,3.2,3.18,0.0041,0,3.34
11.3,20.97,6.5,5.61,0.0156,0,5.99
14.2,35.72,5.44,4.81,0.0,0,5.29
5.96,10.24,4.67,4.37,0.0363,0,4.63
13.19,18.68,-0.02,3.91,0.2494,28,2.68
14.41,1.22,4.52,4.36,0.0353,0,4.38
4.27,46.1,5.23,4.29,0.0,0,5.01
9.49,24.06,6.98,6.28,0.0731,0,6.61
10.39,48.97,5.04,4.79,0.0534,0,5.29
5.02,42.5,4.68,4.65,0.0,0,5.25
6.25,49.72,6.75,5.92,0.1254,5,6.55
7.68,17.14,6.06,5.35,0.0,0,5.66
10.64,11.11,3.84,3.54,0.0787,3,3.18
12.02,58.31,7.81,6.07,0.1405,20,6.75
11.29,43.04,6.46,6.26,0.0,8,6.94
4.05,50.04,2.96,3.06,0.148,8,2.83
6.82,0.79,5.73,5.9,0.0,0,5.93
16.43,21.27,4.45,4.26,0.0839,0,4.78
5.11,44.57,5.33,5.23,0.0,0,5.74
4.73,4.68,5.35,5.03,0.0,0,5.1
18.46,34.04,5.36,4.95,0.0533,4,6.07
7.04,25.74,5.55,5.53,0.0117,0,5.56
8.76,1.06,4.11,3.92,0.0,0,4.03
13.14,14.16,5.73,5.18,0.104,0,5.45
4.94,17.09,4.2,4.04,0.0,0,4.59
5.54,6.71,5.55,5.43,0.011,0,5.61
7.55,37.89,6.58,5.97,0.0769,0,6.32
11.82,14.54,5.42,4.96,0.0172,0,5.45
10.39,16.66,6.96,6.61,0.0641,5,7.15
9.39,53.89,6.43,6.11,0.2865,30,7.61
7.62,28.03,5.02,4.42,0.0,0,4.8
16.87,23.53,2.96,4.12,0.0,0,3.83
5.91,43.43,6.57,5.98,0.0818,4,6.92
11.2,54.58,6.99,6.29,0.1532,17,7.08
19.29,1.5,3.26,3.42,0.0187,0,3.42
7.62,26.89,5.71,5.44,0.0,0,4.46
12.22,36.65,4.93,4.34,0.0,0,4.77
15.11,19.11,3.83,3.86,0.0,0,4.29
3.58,46.34,5.53,4.84,0.0295,0,5.87
13.38,58.29,5.81,5.54,0.0,6,6.45
5.87,56.61,7.55,6.09,0.1842,19,6.98
15.44,15.96,4.66,4.22,0.0,0,4.55
5.79,13.58,4.57,4.65,0.067,0,4.92
17.26,57.45,6.47,6.04,0.1863,24,7.2
17.37,27.52,6.05,5.55,0.0375,16,6.64
8.56,12.5,4.13,4.15,0.0,0,4.15
7.13,42.42,3.66,2.85,0.0516,9,3.12
12.22,17.07,6.42,5.96,0.0001,0,6.62
13.95,16.03,6.06,5.63,0.0127,0,5.84
3.34,52.75,7.06,6.76,0.0132,7,7.13
13.89,9.75,5.82,5.44,0.0,0,5.71
9.47,3.86,4.75,4.88,0.0292,0,4.9
4.59,16.15,5.76,5.68,0.0452,0,5.81
5.04,36.42,5.87,5.14,0.0,0,5.22
6.52,7.39,4.96,4.82,0.0,0,4.78
16.88,28.3,4.87,4.52,0.0,0,5.31
7.64,37.64,5.25,4.21,0.0,0,4.74
7.44,50.92,5.75,4.75,0.0,0,5.83
12.69,13.79,4.41,4.2,0.0497,0,4.49
7.2,49.04,6.71,6.31,0.0756,16,7.14
4.29,14.09,4.71,4.69,0.0,0,5.19
7.17,40.61,6.24,5.68,0.0373,0,6.08
6.37,25.84,6.28,5.69,0.0,0,5.83
19.0,6.88,6.0,5.91,0.0473,0,5.17
7.94,42.86,6.48,5.94,0.1618,21,7.22
16.47,13.07,6.15,5.68,0.0,0,5.92
4.02,10.6,5.67,5.26,0.0,0,5.46
10.63,21.5,4.9,5.14,0.0847,0,5.39
2.57,39.2,4.55,4.17,0.0,0,4.43
10.29,14.04,5.88,5.55,0.0514,0,5.61
7.6,11.02,3.87,3.79,0.0,0,4.13
3.24,0.6,5.98,5.77,0.0,0,5.91
7.26,28.3,5.79,5.35,0.0,0,5.62
9.51,25.72,4.49,4.26,0.0,0,4.69
14.85,14.03,4.92,4.4,0.0,0,4.59
18.78,3.22,5.02,4.87,0.0,0,5.11
6.15,25.76,5.45,5.18,0.0,0,5.0
7.89,47.29,4.88,4.26,0.0,0,5.37
9.06,42.92,5.82,5.43,0.2068,13,6.6
17.81,51.65,5.73,4.8,0.0617,0,5.52
13.57,0.57,4.6,4.59,0.0,0,4.42
11.83,57.99,6.3,6.02,0.0469,7,6.72
7.24,20.48,6.61,6.1,0.0385,0,6.27
11.75,59.42,7.02,6.28,0.1032,15,7.17
9.18,15.16,4.97,4.81,0.0101,0,4.88
19.15,28.29,7.0,5.94,0.1359,20,6.74
4.96,21.24,4.88,4.53,0.0,0,4.66
6.26,21.35,4.99,4.67,0.0384,0,4.95
12.75,50.54,5.27,4.91,0.1025,0,5.48
8.38,44.79,5.69,5.08,0.0554,0,5.56
6.19,59.53,5.12,4.58,0.0538,0,5.7
6.74,36.81,5.04,4.46,0.0074,0,5.01
12.91,27.8,6.88,6.04,0.0268,0,6.56
4.97,5.4,3.88,3.82,0.0,0,3.99
8.12,59.79,6.07,5.58,0.0576,11,6.65
4.46,33.09,4.7,4.17,0.0,0,4.52
3.39,42.03,7.52,6.41,0.2505,20,7.24
2.82,24.4,5.14,4.87,0.0823,0,4.97
3.18,32.86,7.2,6.42,0.0891,0,6.72
10.01,56.55,7.0,5.73,0.0109,0,5.92
3.19,9.99,4.81,4.64,0.0459,0,4.75
12.8,17.54,5.72,5.44,0.0159,0,5.59
11.01,9.12,4.94,4.63,0.0536,0,4.75
12.82,47.53,4.74,4.69,0.0328,0,5.31
16.68,3.72,5.14,5.07,0.0323,0,5.37
10.1,4.9,5.86,5.67,0.0,0,5.77
7.68,17.91,6.67,6.21,0.0,0,6.8
4.15,30.85,5.64,5.02,0.0876,0,5.43
14.98,24.38,6.15,5.47,0.0438,0,5.81
15.69,2.69,3.58,3.91,0.009,0,4.08
18.23,57.45,6.91,5.82,0.0345,0,6.19
10.57,57.17,5.4,4.99,0.0019,3,5.94
6.13,16.76,3.78,3.74,0.0,0,3.9
19.38,43.89,6.29,5.05,0.1228,30,6.66
11.53,34.71,6.03,4.67,0.0218,0,5.14
14.35,14.25,4.05,3.95,0.0,0,4.06
4.32,15.73,4.88,4.83,0.0,0,4.9
13.2,29.47,6.59,5.77,0.096,5,6.83
2.27,25.15,4.78,4.37,0.0015,0,4.56
16.33,17.47,5.21,4.71,0.0,0,5.23
17.06,48.45,6.79,5.5,0.2219,43,7.55
5.3,28.89,6.45,6.03,0.0,0,6.57
7.33,39.29,5.24,4.91,0.0,0,5.69
2.63,11.36,6.1,5.94,0.0,0,6.01
6.26,32.01,6.75,6.32,0.2038,16,7.34
10.09,19.08,6.27,5.9,0.0,0,6.39
9.66,31.58,4.56,3.93,0.016,0,4.34
19.3,46.85,7.13,5.7,0.0671,17,6.58
16.75,46.13,2.32,2.56,0.0475,16,3.05
14.9,21.25,2.18,3.31,0.0573,4,3.28
12.76,41.66,5.1,5.37,0.0,0,5.41
7.51,56.48,5.66,4.79,0.0,0,6.18
19.68,37.54,5.92,4.93,0.0504,2,5.75
4.94,8.9,5.2,4.85,0.0247,0,4.98
6.6,40.78,6.39,5.39,0.1307,3,6.18
12.41,6.29,3.78,3.63,0.0,0,3.15
4.94,52.33,6.31,5.29,0.0445,0,6.16
18.31,31.0,7.95,5.67,0.1089,20,6.54
7.31,23.11,5.3,5.16,0.0088,0,5.41
5.46,3.42,5.92,5.76,0.0,0,6.0
9.07,22.85,4.0,4.61,0.0,5,4.3
3.61,54.19,3.94,5.01,0.1052,0,4.9
17.72,1.26,5.7,5.1,0.0231,0,5.3
17.96,28.48,6.5,6.25,0.144,25,7.29
7.95,55.87,5.92,4.92,0.0174,7,6.55
13.62,23.69,4.64,4.3,0.0512,0,4.64
6.78,25.69,5.35,4.96,0.0,0,5.32
16.79,34.71,6.57,5.5,0.0072,0,6.04
18.35,27.78,7.5,6.36,0.0392,2,6.77
7.28,10.12,4.91,4.81,0.0,0,4.99
4.48,1.11,5.73,5.56,0.0027,0,5.69
19.94,36.59,5.51,5.11,0.0692,0,6.24
6.75,55.25,4.62,5.27,0.006,0,5.21
2.01,6.38,5.62,5.38,0.0,0,5.5
12.5,12.66,6.08,5.9,0.0179,0,6.2
10.81,22.21,5.14,5.2,0.1002,0,5.92
14.2,48.52,6.04,5.33,0.0522,0,5.63
5.84,16.16,3.68,3.66,0.0,0,4.1
12.6,52.92,6.99,6.44,0.2719,34,7.64
18.06,3.3,5.49,5.42,0.0432,0,4.78
8.2,56.46,7.42,5.82,0.0879,14,6.49
11.4,33.64,5.72,5.27,0.0582,0,6.11
2.48,39.53,4.78,4.55,0.0446,0,5.11
11.43,22.06,7.16,6.34,0.1087,3,6.86
10.38,46.92,5.81,5.37,0.0,0,5.98
11.61,9.99,4.43,4.34,0.0,0,4.41
12.79,2.93,5.0,4.73,0.0339,0,4.83
14.48,23.73,1.6,1.83,0.5277,49,1.86
17.01,51.22,7.89,6.41,0.3229,36,7.53
11.78,45.3,4.68,3.93,0.011,0,4.46
17.26,31.03,5.25,4.79,0.0019,0,5.31
5.58,34.33,7.05,6.38,0.0267,0,6.89
10.08,7.79,5.92,6.02,0.0023,0,5.94
14.87,50.44,6.68,5.3,0.1437,10,6.04
2.73,47.22,6.28,6.05,0.0,0,5.27
13.37,39.39,7.4,6.46,0.0,0,6.49
5.85,27.97,6.37,5.59,0.1,0,5.42
7.55,57.87,5.71,4.63,0.0683,0,5.16
4.85,52.74,5.31,4.48,0.0141,0,4.67
4.18,38.67,6.69,6.18,0.0154,6,6.81
15.1,22.31,5.06,4.3,0.0172,0,4.69
7.41,37.08,6.63,5.92,0.0127,0,6.37
16.34,34.53,7.82,6.85,0.2577,32,7.79
8.98,23.65,6.46,6.07,0.03,0,6.22
2.85,18.4,5.24,4.83,0.0456,0,5.19
12.92,24.42,3.51,5.13,0.0354,0,4.54
8.24,34.43,5.24,4.18,0.0688,0,4.51
18.27,25.69,5.12,4.71,0.0,0,5.57
6.28,15.81,4.32,4.21,0.0407,0,4.9
11.67,45.66,6.95,6.56,0.1756,17,7.1
17.74,31.89,5.96,5.03,0.0,0,6.06
14.24,4.06,4.0,3.96,0.0196,0,4.12
9.38,22.1,6.56,5.88,0.0,0,6.17
11.31,53.09,6.7,5.78,0.1838,20,6.91
15.6,45.31,6.57,6.14,0.0153,12,6.92
19.6,19.39,5.57,5.49,0.0,0,5.81
18.4,56.29,7.83,6.33,0.1675,35,7.28
2.9,4.6,4.46,4.45,0.0,0,4.5
19.97,57.67,4.34,4.28,0.009,0,5.17
7.27,14.74,4.43,4.4,0.0779,0,4.66
5.41,0.55,5.72,5.62,0.0186,0,5.65
17.36,26.03,6.35,5.14,0.0213,0,5.71
7.99,21.54,6.61,6.32,0.0,0,6.44
5.91,32.35,5.0,4.5,0.0289,0,5.12
8.56,47.81,6.59,6.05,0.1729,14,6.91
11.39,50.55,7.0,6.27,0.0211,6,6.68
15.96,24.07,6.77,6.52,0.0883,14,7.16
14.37,25.79,6.68,5.98,0.119,10,6.74
8.56,8.89,4.63,4.44,0.0684,0,4.67
12.55,2.85,4.82,4.68,0.04,0,4.66
5.82,38.47,6.3,5.62,0.0,0,5.99
17.23,3.87,4.65,4.34,0.0,0,4.61
9.85,44.03,5.53,5.19,0.002,0,6.15
19.73,32.35,6.77,5.66,0.0496,0,6.14
2.92,11.91,5.34,5.02,0.0021,0,5.15
5.94,32.37,6.8,5.55,0.0412,0,5.91
6.54,10.98,4.0,4.53,0.1394,8,3.85
7.53,26.32,5.76,4.7,0.0916,0,5.11
15.92,47.97,6.82,5.9,0.0073,0,6.25
7.76,27.72,6.17,5.37,0.0107,0,5.95
3.27,8.92,5.73,5.62,0.0945,0,5.77
6.4,43.43,7.21,6.18,0.1952,13,6.99
18.81,11.21,4.91,4.63,0.056,0,3.87
10.16,44.31,5.22,4.58,0.0012,0,4.84
18.62,28.76,5.91,5.32,0.0176,0,5.85
6.7,27.22,6.81,6.12,0.0,0,6.6
5.09,51.09,5.73,4.77,0.0,0,5.41
11.96,42.52,4.47,4.89,0.0244,0,5.03
5.37,1.97,6.34,6.09,0.0,0,6.24
5.93,17.77,4.67,4.35,0.0,0,4.43
12.78,52.26,3.53,4.89,0.0104,0,5.06
6.12,1.1,5.73,5.63,0.0622,0,5.86
6.65,32.72,7.73,6.84,0.0206,4,7.18
2.7,43.67,5.26,4.53,0.0,0,4.82
19.1,37.31,6.88,5.94,0.2002,31,7.24
3.26,45.63,5.39,4.72,0.0,0,5.39
18.01,43.54,6.24,5.8,0.0,0,6.11
7.45,41.52,4.5,4.22,0.0385,0,4.59
5.65,49.29,5.34,4.45,0.0001,0,5.21
19.61,38.74,8.75,7.35,0.3341,43,8.33
5.26,24.15,5.14,4.58,0.0047,0,5.13
2.57,28.31,4.67,4.2,0.0535,0,4.43
10.53,43.0,5.21,5.07,0.1122,0,5.85
5.15,52.58,7.72,6.51,0.1585,15,7.14
15.34,16.33,4.39,4.07,0.0,0,4.69
19.71,20.52,4.49,4.12,0.0,0,5.06
3.54,55.84,4.4,4.89,0.0,0,4.84
7.41,34.71,3.78,4.28,0.0,0,4.26
2.24,10.74,4.65,4.3,0.0,0,4.51
13.48,39.82,7.26,5.66,0.0611,0,6.01
4.69,59.45,7.34,5.99,0.1511,17,6.98
16.09,49.41,7.72,6.3,0.1852,30,7.29
7.72,44.74,3.86,3.96,0.0548,0,4.23
19.39,12.48,6.44,5.6,0.0256,0,5.96
14.58,52.57,4.82,4.34,0.0239,0,5.42
17.71,31.55,5.88,5.33,0.0,0,6.08
13.1,53.36,7.4,6.38,0.3074,47,8.32
4.74,19.79,4.28,3.83,0.014,1,4.14
19.66,3.72,6.7,6.1,0.0,0,6.25
4.99,28.56,5.59,5.57,0.0,0,6.0
18.0,16.19,4.45,4.17,0.0,0,4.72
19.3,42.91,6.06,5.03,0.1031,8,6.07
15.13,57.43,4.46,5.35,0.1038,0,6.02
3.38,41.46,4.83,5.79,0.0323,0,5.54
5.05,53.22,4.87,4.57,0.0644,0,5.31
5.6,27.18,7.35,6.59,0.0432,0,6.75
8.01,46.3,4.68,4.72,0.0284,0,4.95
7.79,50.58,6.35,5.62,0.0347,15,6.66
8.82,42.65,5.71,5.13,0.1726,1,6.23
4.12,30.47,6.58,5.71,0.0,0,6.02
10.4,37.55,5.2,4.83,0.0538,0,5.17
11.31,42.03,7.4,6.75,0.1242,14,7.21
2.66,15.19,6.02,5.74,0.0123,0,6.11
6.77,48.57,5.0,5.17,0.0364,0,5.3
2.59,57.02,8.31,6.97,0.2861,25,7.41
13.06,27.91,3.62,3.54,0.0,0,4.03
11.66,42.06,6.28,5.42,0.0163,0,6.2
4.08,44.22,8.05,6.92,0.2388,22,7.55
17.42,39.73,5.05,4.57,0.0266,0,5.02
7.88,32.83,5.69,4.98,0.1386,0,5.36
14.62,52.9,4.27,3.95,0.0,0,4.4
2.25,26.94,5.81,5.35,0.0,0,5.56
17.59,3.67,5.42,5.31,0.072,0,5.36
11.39,50.67,3.71,4.41,0.0,0,4.54
14.67,40.44,5.36,4.73,0.0,0,5.02
7.66,50.96,2.91,2.81,0.0,0,3.77
13.41,8.31,6.53,6.1,0.0599,0,6.43
19.72,1.85,5.77,5.51,0.0473,0,5.83
2.83,56.06,7.67,7.14,0.1723,24,7.74
2.76,8.86,5.18,4.99,0.1307,0,5.17
11.11,48.58,5.43,4.93,0.0,0,4.52
7.76,49.39,6.1,5.84,0.1539,20,7.03
6.16,42.52,6.48,6.31,0.0605,0,6.48
5.63,7.88,4.53,4.14,0.0375,0,4.19
13.8,40.04,5.88,5.46,0.0,0,5.4
9.12,53.35,4.96,4.33,0.0112,0,5.48
3.41,25.53,5.34,5.15,0.0,0,5.46
4.88,24.81,4.93,4.41,0.0,0,4.69
9.14,26.57,5.28,4.66,0.0168,0,5.26
5.79,4.94,5.33,5.37,0.0,0,5.42
3.54,53.52,6.17,5.3,0.0,0,5.67
7.91,52.15,5.53,4.45,0.0,0,4.96
19.61,59.87,4.76,3.92,0.0,0,4.49
10.42,35.11,4.73,4.16,0.0457,0,5.0
2.09,45.07,6.81,6.24,0.0,0,6.22
4.89,12.16,4.21,3.92,0.0,0,4.11
13.41,40.05,5.62,5.22,0.0,0,5.48
4.69,38.98,4.89,4.55,0.0936,0,5.53
15.12,54.07,4.37,3.72,0.0,0,4.99
11.06,49.85,6.7,5.39,0.0539,0,6.08
17.94,56.31,7.96,5.67,0.2492,45,7.26
7.72,52.13,5.56,4.38,0.0,0,4.96
6.12,52.12,5.51,5.07,0.0,0,6.07
19.26,3.82,3.98,3.91,0.097,0,4.04
14.38,50.76,7.7,6.36,0.0681,12,6.81
17.25,36.45,5.87,5.19,0.2319,13,6.47
5.51,22.83,5.93,5.69,0.0144,0,6.21
4.22,3.39,5.71,5.76,0.0,0,5.89
19.17,40.66,6.59,5.28,0.0395,0,5.67
9.09,19.69,6.38,6.25,0.0098,0,6.14
7.54,28.07,6.59,5.96,0.0333,0,6.26
3.28,40.9,4.87,4.53,0.024,0,5.12
15.53,54.71,4.76,4.2,0.071,0,5.35
8.41,49.53,6.26,5.07,0.044,0,5.48
5.06,27.04,6.66,6.22,0.101,0,6.37
10.14,23.27,6.1,5.83,0.0,0,6.45
6.38,14.39,4.61,4.07,0.0,0,4.19
15.42,22.35,4.13,3.89,0.0144,0,4.31
7.31,6.66,3.88,3.61,0.0,0,3.71
7.89,58.27,6.3,5.81,0.0656,0,6.59
10.34,34.44,6.75,6.18,0.064,4,6.75
7.55,7.67,5.65,5.13,0.0139,0,5.24
6.59,21.17,5.33,4.96,0.0,0,5.51
5.19,32.82,4.39,3.81,0.0,0,4.62
19.96,31.97,5.08,4.66,0.0,0,5.18
7.46,2.13,5.89,5.9,0.0604,0,5.86
3.15,57.05,6.75,5.93,0.0282,0,5.77
4.64,16.52,5.97,5.75,0.0594,0,5.22
11.92,0.97,5.25,5.68,0.0389,0,5.62
6.9,4.59,5.28,5.21,0.051,0,5.58
9.52,34.81,6.26,5.36,0.0,0,5.89
8.01,8.27,4.65,4.55,0.0339,0,4.55
16.61,2.5,2.37,4.09,0.0,5,3.11
6.81,22.78,4.91,4.39,0.0037,0,4.88
14.52,37.37,7.38,6.69,0.2266,28,7.59
10.81,6.71,5.94,5.69,0.0476,0,5.76
4.97,18.8,5.13,5.03,0.0,0,5.23
19.54,25.07,4.06,4.91,0.0598,0,4.8
7.6,9.57,4.52,4.02,0.0,0,4.19
8.35,30.36,5.47,4.81,0.0062,0,5.22
3.83,5.11,5.39,5.29,0.0,0,5.38
6.37,2.79,5.86,5.68,0.0603,0,5.86
5.98,31.19,6.28,6.0,0.0,0,6.46
4.45,14.87,5.4,4.94,0.0574,0,5.21
12.83,5.72,5.72,5.65,0.0573,0,5.66
9.96,25.43,6.12,5.81,0.0,0,6.39
3.45,54.91,6.72,5.58,0.004,0,6.08
3.03,43.45,6.29,5.89,0.0309,0,6.61
5.18,48.94,6.54,5.98,0.1161,10,6.92
3.74,52.31,7.06,6.33,0.0,5,6.87
5.77,58.36,6.21,5.67,0.1222,15,6.92
2.71,45.79,6.33,6.05,0.1586,14,7.08
13.28,36.5,5.69,5.15,0.0,0,5.5
6.57,21.93,5.13,4.66,0.0,0,5.1
5.34,10.9,6.19,5.99,0.0,0,6.17
7.57,41.2,4.61,6.22,0.0312,0,5.81
7.6,59.7,5.02,4.98,0.0,0,5.64
15.55,28.04,4.66,4.17,0.0311,0,5.02
8.04,43.42,6.82,6.38,0.1155,3,6.89
15.02,29.71,6.86,6.61,0.0,0,6.87
7.74,25.92,4.77,4.42,0.0434,0,4.79
14.2,24.62,6.37,5.91,0.0,0,6.08
11.18,30.28,6.27,5.72,0.0326,0,6.43
6.09,22.01,5.16,4.48,0.0037,0,4.67
19.93,44.93,7.25,5.74,0.204,20,6.85
19.07,52.46,7.54,6.38,0.3851,61,8.43
5.06,52.97,3.56,4.58,0.0292,0,4.46
18.28,13.66,4.9,5.04,0.0,0,5.06
3.73,53.75,4.43,3.93,0.1154,0,4.18
19.3,20.49,4.2,4.13,0.0,0,4.5
9.23,18.56,4.93,4.44,0.0,0,4.79
10.73,43.61,7.89,6.91,0.2134,24,7.58
6.37,18.28,5.4,5.14,0.0,0,5.62
7.71,3.18,4.55,4.44,0.0,0,4.36
15.9,22.42,5.98,5.78,0.0259,0,5.94
19.16,43.29,4.4,4.89,0.067,0,5.01
14.16,19.62,5.65,5.1,0.0339,0,5.34
15.74,37.77,7.36,5.91,0.0705,16,6.62
16.43,39.61,8.52,6.9,0.2782,32,7.37
8.94,44.02,6.01,4.66,0.0,0,4.99
6.94,53.83,7.02,5.96,0.0541,7,6.53
5.03,25.95,5.63,5.24,0.0248,0,5.44
10.26,9.99,6.6,6.41,0.0015,0,6.48
8.62,19.14,6.34,6.17,0.0,0,6.34
5.93,25.93,4.74,4.74,0.0,0,4.84
7.69,42.83,6.38,6.24,0.0681,11,6.86
4.31,0.79,5.13,4.88,0.0705,0,5.11
18.72,18.95,3.53,4.53,0.0,0,4.35
6.7,46.79,5.32,4.79,0.0298,0,5.5
13.06,40.25,4.82,4.2,0.0152,0,5.02
2.76,43.9,6.92,6.47,0.0801,3,6.9
13.15,48.71,7.45,6.28,0.15,11,6.72
6.49,46.99,4.33,5.17,0.0,0,5.14
4.26,40.93,8.85,7.44,0.1891,22,7.57
5.77,26.38,6.14,5.65,0.0,0,6.44
10.94,59.02,5.8,5.03,0.1678,17,6.48
6.11,34.14,6.16,6.07,0.0458,0,6.75
13.42,12.17,5.59,5.49,0.0,0,5.92
15.39,17.57,4.32,4.03,0.0864,0,4.47
12.98,41.61,6.13,5.63,0.046,10,6.67
6.82,55.48,5.83,5.0,0.0,0,5.76
4.92,10.72,3.62,4.35,0.0,0,4.2
3.79,4.94,4.29,4.16,0.0055,0,4.22
5.83,52.89,7.1,6.26,0.2736,34,7.76
3.73,54.92,4.95,4.7,0.0,0,5.75
16.36,16.58,5.45,5.04,0.018,0,5.15
11.29,22.64,5.05,4.27,0.0764,0,4.83
9.46,39.61,6.69,6.8,0.0273,3,6.98
12.06,19.8,7.17,6.55,0.0,0,6.71
2.04,52.63,5.06,4.36,0.0059,0,4.8
2.92,6.45,4.48,4.63,0.0,0,4.51
6.67,2.28,2.21,3.98,0.0,0,3.3
7.97,12.51,5.12,4.83,0.0949,0,4.86
12.56,17.17,5.46,5.06,0.0,0,4.51
17.74,6.78,3.0,4.42,0.0417,9,3.9
8.53,3.94,4.85,4.82,0.0,0,4.84
19.03,45.34,8.68,7.27,0.243,49,7.76
19.32,9.86,2.34,3.91,0.0291,5,3.29
19.38,54.84,6.0,5.12,0.0,1,5.96
17.56,22.08,5.78,4.7,0.1015,0,5.11
10.46,40.24,7.85,6.83,0.1747,17,7.18
6.09,13.52,4.2,4.05,0.0512,0,4.16
13.53,14.42,5.9,5.81,0.0642,0,5.87
13.38,34.48,6.44,6.07,0.0699,0,6.31
17.75,33.64,5.7,5.18,0.0,0,5.55
19.94,46.12,6.01,5.18,0.0317,0,5.28
12.62,45.47,8.2,6.27,0.0714,23,6.9
5.46,40.24,5.46,4.6,0.0,0,4.63
7.79,26.95,0.48,2.0,0.598,39,1.59
5.07,53.44,7.18,6.02,0.1186,8,6.74
12.64,37.35,1.29,4.43,0.14,21,3.35
7.62,59.41,2.92,4.76,0.0,0,4.37
17.37,49.16,6.72,5.98,0.1295,7,6.51
12.57,2.66,4.3,4.33,0.0691,0,4.89
18.75,19.24,4.58,4.15,0.0,0,4.41
14.42,34.31,5.23,4.9,0.0075,0,4.85
17.61,43.29,7.15,5.83,0.2206,29,7.13
7.22,33.02,5.85,4.97,0.0,0,5.22
17.83,47.17,9.25,7.55,0.3378,53,8.29
3.04,16.96,6.1,6.07,0.0445,0,6.63
7.55,11.03,4.76,4.58,0.0,0,4.72
2.1,3.24,5.24,5.15,0.0644,0,5.23
18.9,34.4,2.15,2.78,0.1171,29,2.88
4.28,41.32,3.68,4.05,0.0,0,4.02
5.04,19.57,3.9,3.86,0.0165,0,4.18
5.38,36.82,3.36,4.04,0.0,0,3.74
3.88,3.13,5.35,5.23,0.0,0,5.24
17.59,5.96,6.68,6.02,0.0376,0,6.39
10.41,42.11,2.93,3.74,0.0079,0,3.69
11.4,22.08,3.06,2.94,0.0977,12,2.5
3.16,40.28,7.24,6.56,0.1284,11,7.2
2.59,49.9,3.95,4.8,0.0553,0,4.83
7.39,51.16,5.8,4.63,0.0102,0,5.39
4.1,10.33,5.08,4.91,0.0368,0,5.05
8.51,29.18,5.35,4.62,0.0217,0,4.99
4.16,44.04,5.56,5.1,0.0,0,5.9
15.74,46.44,8.58,6.87,0.312,45,8.18
5.54,47.08,6.26,5.68,0.0,0,6.17
5.15,13.69,6.15,5.97,0.0,0,6.26
5.7,11.55,5.43,5.17,0.0,0,5.43
11.49,35.4,4.08,4.87,0.0,0,4.86
6.78,44.47,7.1,6.16,0.0,0,5.96
5.54,19.15,5.64,5.47,0.0,0,5.77
15.13,6.28,4.96,4.67,0.0662,0,4.96
5.29,43.0,5.49,5.0,0.0,0,6.1
6.22,17.98,6.48,6.1,0.0466,0,6.3
15.4,9.98,1.65,1.43,0.5553,47,1.54
19.63,8.86,4.79,4.38,0.0075,0,4.09
19.43,18.89,5.35,4.53,0.0,0,5.13
8.52,35.56,7.08,6.55,0.1169,17,7.48
6.5,21.5,5.36,4.68,0.0,0,5.31
7.22,1.24,5.68,5.44,0.0558,0,5.47
15.53,5.81,7.31,6.71,0.0,0,7.07
15.89,17.43,4.59,3.91,0.042,0,4.3
6.02,39.58,4.74,4.33,0.0014,0,4.91
10.04,5.91,7.08,6.33,0.0189,0,6.55
7.55,33.64,5.22,4.71,0.0397,0,5.09
13.71,7.19,5.64,5.15,0.0339,0,5.26
12.26,12.7,4.99,5.21,0.0,0,5.17
15.93,10.33,6.19,5.84,0.0443,0,6.18
7.87,4.03,4.89,4.28,0.0,0,4.79
10.08,40.28,6.52,5.14,0.0267,0,5.52
5.74,27.8,4.14,4.08,0.0,0,4.16
8.17,49.86,6.55,5.14,0.0706,3,5.74
7.16,5.93,6.42,5.97,0.0318,0,6.29
6.42,8.68,4.99,4.87,0.0,0,5.21
7.89,18.39,6.53,6.0,0.0518,0,6.18
5.55,45.95,5.15,4.52,0.0,0,4.97
7.8,18.35,1.56,3.86,0.1305,5,3.16
2.51,24.51,6.86,6.56,0.0365,0,6.67
9.88,18.1,2.75,3.99,0.0091,0,3.52
15.02,4.81,4.6,4.35,0.0,0,4.63
2.13,56.37,5.99,6.71,0.0,0,6.72
13.72,32.91,6.1,5.17,0.0103,0,5.74
2.08,47.27,6.93,5.93,0.0212,0,6.46
5.32,39.5,3.61,4.14,0.0,0,4.31
16.08,30.86,4.73,4.47,0.0017,0,4.48
19.38,5.38,6.37,5.69,0.1137,0,5.88
17.93,38.56,6.15,4.89,0.0194,0,5.43
4.05,9.32,5.81,5.45,0.0,0,5.34
2.65,24.86,5.51,5.25,0.0,0,5.38
7.59,37.75,5.13,4.58,0.0585,0,5.11
14.02,46.93,6.04,5.59,0.0,4,6.71
15.68,41.1,5.0,4.84,0.0278,0,4.8
9.76,40.29,6.65,5.87,0.0825,4,6.56
13.09,8.94,4.44,4.1,0.0182,0,4.19
15.36,20.77,4.4,4.02,0.0,0,4.45
11.32,2.57,4.01,4.22,0.0,0,4.17
17.81,43.17,7.06,6.3,0.0799,22,7.27
16.57,57.16,6.61,5.24,0.0788,5,6.23
7.86,15.85,6.78,6.19,0.0,0,6.48
14.32,5.26,5.39,5.37,0.0108,0,5.72
8.53,28.53,4.7,4.16,0.0,0,4.48
13.36,51.4,6.49,6.02,0.1465,25,7.2
7.08,33.12,5.76,5.45,0.0232,0,6.04
18.19,2.81,2.65,3.31,0.0,0,3.15
11.07,58.46,6.63,5.54,0.0,0,6.03
9.37,49.72,6.25,5.1,0.0806,0,4.61
5.06,7.9,4.03,3.83,0.0947,0,3.91
7.82,55.31,0.2,1.0,0.9116,76,1.0
6.71,27.04,5.3,5.18,0.0234,0,5.38
13.24,22.31,3.58,3.71,0.0,0,3.94
5.02,27.66,5.29,4.95,0.0511,0,5.47
9.86,50.07,6.92,6.34,0.3008,24,7.31
7.05,39.57,5.08,4.53,0.0553,0,4.85
19.57,3.55,5.36,4.52,0.012,0,5.1
5.87,57.46,5.25,4.85,0.0238,0,5.16
10.24,8.87,5.8,5.66,0.0,0,5.71
6.39,44.73,6.25,5.87,0.064,0,5.97
12.75,38.17,6.25,5.01,0.0,0,5.66
8.2,11.25,6.25,5.85,0.0016,0,5.99
13.05,10.24,5.26,4.83,0.0,0,5.13
17.53,52.22,6.0,5.09,0.0,5,6.29
2.24,25.18,6.31,6.18,0.0,0,6.57
14.51,39.27,6.07,5.73,0.1414,9,6.65
13.12,30.24,5.82,5.51,0.0,0,4.83
4.03,43.64,5.63,5.47,0.053,0,6.23
18.98,28.75,5.98,5.27,0.1247,0,5.78
12.69,17.24,4.61,4.25,0.0766,0,4.48
9.59,21.8,4.07,3.61,0.0,0,3.9
11.89,51.54,7.43,5.97,0.1872,22,6.86
7.8,28.08,4.83,5.18,0.0,0,5.14
5.63,12.81,5.48,5.18,0.0,0,5.41
4.37,56.08,5.84,5.06,0.0,2,5.98
6.55,47.8,6.24,5.46,0.0,0,5.07
7.96,3.34,5.53,5.41,0.0396,0,5.67
6.48,59.94,7.46,6.45,0.1149,31,7.64
18.31,41.7,6.66,6.37,0.0,0,6.52
13.5,9.62,4.29,4.07,0.0069,0,4.43
15.22,14.23,6.09,5.89,0.0211,0,6.06
6.18,41.55,6.6,6.11,0.0,0,6.47
13.57,46.79,4.64,4.11,0.0,0,4.32
11.71,14.34,5.77,5.28,0.0116,0,5.48
14.89,15.42,6.12,5.79,0.0885,2,6.31
5.76,18.43,5.24,4.46,0.0269,0,4.68
12.4,35.88,6.31,5.09,0.0327,0,5.41
9.44,10.31,6.29,5.86,0.0,0,6.02
7.19,6.25,4.2,3.96,0.0381,0,4.22
19.41,40.73,5.84,4.44,0.0,0,5.24
7.74,46.75,6.45,5.16,0.021,0,5.62
9.67,30.06,5.98,6.05,0.0727,0,6.17
6.82,21.83,2.89,3.42,0.0,0,3.2
4.59,25.92,5.8,5.59,0.0,0,5.63
11.25,23.3,4.47,4.12,0.0,0,4.3
16.16,57.6,8.44,6.43,0.1323,38,7.32
17.85,46.09,5.97,4.64,0.0,0,5.53
9.65,12.49,6.5,5.68,0.0,0,6.1
10.89,23.05,5.77,5.33,0.0,0,5.79
10.35,32.64,4.76,4.61,0.0,0,4.81
17.49,36.78,6.95,6.3,0.0093,14,6.95
5.67,28.09,5.61,5.04,0.0654,0,5.48
9.63,48.61,5.51,5.11,0.0119,0,5.58
4.81,46.06,7.75,6.52,0.0885,14,7.12
13.48,30.31,3.84,5.73,0.0,0,5.14
11.54,51.27,7.22,5.6,0.1291,16,6.56
6.87,45.07,2.26,3.85,0.0,0,4.01
2.2,46.71,6.78,6.23,0.2508,18,7.31
11.46,57.38,5.94,4.99,0.1846,12,6.23
5.88,15.99,4.97,4.76,0.0,0,4.91
6.98,16.06,4.55,3.88,0.0,0,4.22
8.91,53.34,4.78,4.57,0.0,2,3.53
18.02,46.33,8.71,6.96,0.2051,41,7.54
14.66,55.59,6.33,5.59,0.0436,0,6.29
3.18,3.79,5.75,5.75,0.0,0,4.81
3.9,37.67,6.45,5.78,0.0476,0,6.63
5.53,8.68,5.83,5.81,0.0,0,5.96
19.96,30.23,5.31,4.64,0.0,0,5.24
18.09,9.34,6.16,6.03,0.0,0,6.47
9.46,7.68,5.34,5.15,0.0884,0,5.43
8.86,0.73,4.9,5.02,0.0573,0,5.1
2.8,37.81,7.09,6.05,0.0,0,6.51
10.34,21.54,5.2,5.31,0.0,0,5.39
4.72,6.31,6.05,5.91,0.01,0,5.69
9.77,19.37,6.26,5.86,0.021,0,6.61
14.32,10.14,5.84,5.05,0.0,0,5.39
7.46,56.5,2.83,3.7,0.0851,7,3.57
6.74,19.2,5.18,4.8,0.0535,0,5.39
5.71,20.04,4.88,4.46,0.0597,0,4.99
12.15,50.39,7.08,5.7,0.0,5,6.3
2.94,38.87,6.69,6.14,0.0099,0,6.32
8.71,42.61,5.56,4.42,0.1375,0,5.62
4.38,38.16,7.03,6.25,0.024,0,6.55
14.29,56.77,5.02,5.26,0.0099,0,5.03
11.87,12.42,6.63,6.37,0.0,0,6.5
13.51,59.34,5.27,5.08,0.0,0,5.65
18.49,49.86,6.7,5.47,0.217,38,6.98
3.36,35.34,6.67,6.58,0.0305,1,7.07
5.45,39.74,4.6,4.33,0.0063,0,4.64
16.46,38.93,5.14,4.6,0.0551,0,5.33
6.26,3.5,4.52,4.25,0.0,0,4.3
7.41,13.08,4.11,4.04,0.0,0,4.22
5.98,57.69,5.39,4.53,0.0651,7,5.91
7.12,32.06,6.86,6.41,0.0775,3,6.94
3.55,22.7,5.78,5.02,0.0086,0,5.41
9.63,45.72,7.03,5.86,0.0132,7,6.46
7.85,31.47,5.83,5.22,0.0146,0,5.63
7.78,0.79,4.47,4.09,0.0094,0,4.22
5.57,44.17,6.44,5.39,0.0677,0,6.15
7.61,43.93,5.99,5.64,0.0875,11,6.87
5.96,9.91,4.85,4.85,0.0156,0,4.94
9.96,57.4,6.07,5.04,0.0,0,5.08
8.47,13.43,5.7,5.6,0.0,0,6.04
18.33,27.46,4.43,3.62,0.0183,0,3.85
5.82,6.88,4.05,3.91,0.0,0,3.99
7.65,36.2,4.93,4.28,0.0162,0,4.94
13.23,22.53,4.5,4.68,0.0,0,4.51
12.22,21.19,5.45,6.3,0.0,0,6.13
7.15,49.62,6.76,5.87,0.0273,8,6.56
5.11,0.57,4.83,4.77,0.0,0,4.77
4.99,47.88,4.58,4.13,0.0411,0,5.13
7.59,34.29,4.77,4.5,0.0,0,5.0
10.48,59.17,5.24,4.5,0.0685,14,6.06
12.06,35.37,4.63,4.58,0.0325,0,5.17
9.0,3.32,4.35,4.51,0.0,0,4.51
10.17,3.04,4.87,5.14,0.0276,0,5.06
14.74,52.99,6.85,5.45,0.0257,6,6.05
18.24,50.47,8.46,6.56,0.171,18,6.8
5.06,20.75,5.32,5.09,0.0,0,5.43
4.28,37.08,5.42,4.72,0.0,0,5.15
6.82,29.38,6.72,6.1,0.0226,0,6.42
7.88,58.03,6.08,5.09,0.0736,3,5.84
4.1,57.0,7.65,6.33,0.0705,17,7.04
7.11,59.03,6.09,5.26,0.0288,0,5.71
18.76,51.99,8.36,7.15,0.2828,61,8.43
11.89,54.57,5.62,5.32,0.0812,4,6.03
6.16,13.04,7.18,6.34,0.0,0,6.8
19.4,49.86,8.4,7.03,0.4841,64,8.83
6.56,42.53,8.07,6.82,0.1659,19,7.27
2.9,57.77,7.74,7.03,0.1138,8,7.16
19.0,34.28,7.49,6.31,0.1636,25,7.3
8.3,5.11,5.31,5.13,0.0645,0,5.23
17.55,35.84,5.32,4.85,0.0,0,5.49
2.07,41.19,5.57,5.27,0.0,0,5.65
18.05,13.22,6.6,5.6,0.0,0,6.16
16.95,23.65,5.35,5.11,0.0548,3,6.05
10.2,35.91,6.68,5.61,0.0133,0,6.3
16.62,22.45,4.17,3.97,0.0,0,4.24
8.94,22.5,4.22,4.27,0.0,0,4.47
9.93,7.99,4.48,4.29,0.0,0,4.39
6.62,56.44,8.03,6.25,0.2627,19,6.84
19.03,45.03,6.74,6.19,0.149,30,7.54
9.37,0.07,5.86,5.88,0.1321,0,5.92
12.81,45.94,6.44,5.07,0.0756,0,5.76
10.87,44.39,5.49,4.63,0.0549,0,5.4
19.4,0.58,4.64,4.22,0.0038,0,4.57
4.7,22.18,5.15,4.75,0.0,0,4.83
16.68,36.4,6.74,6.06,0.0637,12,6.86
17.83,27.17,7.01,6.09,0.0,0,5.41
11.53,46.68,5.46,4.76,0.0087,0,5.59
10.67,25.53,6.13,5.46,0.007,0,6.18
16.22,9.23,4.98,5.24,0.051,0,5.37
5.92,58.58,5.56,4.91,0.1502,12,6.24
16.32,14.52,2.62,4.71,0.0,0,3.79
8.41,43.06,5.86,4.89,0.0,0,5.8
18.32,8.59,5.56,5.38,0.0432,0,5.88
10.81,19.74,6.07,5.71,0.0,0,6.6
13.64,26.52,7.79,6.51,0.0,0,6.68
17.47,11.53,4.22,3.87,0.0341,0,4.12
6.71,27.0,2.83,3.69,0.0506,0,3.59
16.77,9.43,5.07,4.68,0.0,0,5.15
13.94,33.54,5.99,5.47,0.0,0,6.21
18.4,39.82,5.48,4.85,0.0829,15,6.35
7.58,3.75,5.65,5.76,0.0,0,5.37
11.31,52.27,4.25,4.81,0.043,0,5.08
2.85,11.11,5.91,5.66,0.0757,0,5.8
5.29,13.52,4.55,4.12,0.0,0,4.62
6.68,39.68,4.19,4.06,0.0392,0,4.78
19.86,28.13,5.92,5.68,0.0,0,6.08
9.21,29.96,6.1,5.42,0.1142,0,5.66
7.77,7.69,3.63,3.55,0.0,0,3.52
7.41,48.34,5.72,4.66,0.0357,0,5.18
10.42,37.02,7.12,6.09,0.1767,16,6.84
16.29,8.12,6.27,6.06,0.0376,0,6.21
7.97,22.44,5.08,4.88,0.0115,0,5.01
13.72,48.62,6.42,5.45,0.2105,34,7.36
12.95,34.1,1.13,3.19,0.1546,19,2.92
17.65,6.52,3.84,4.68,0.0417,0,4.48
8.52,22.37,5.79,4.98,0.0184,0,5.39
2.09,14.56,4.61,4.2,0.0,0,4.5
3.32,31.05,6.59,6.18,0.0146,0,6.95
13.94,50.6,4.72,4.39,0.0504,0,5.45
8.76,26.18,4.87,4.49,0.0,0,4.7
10.01,26.0,3.39,3.58,0.0,0,3.93
12.07,54.32,6.08,5.68,0.1147,6,6.64
5.4,34.57,4.76,4.38,0.0781,0,4.31
6.38,33.97,5.88,5.59,0.0709,0,6.12
15.29,15.71,5.51,5.07,0.0,0,5.44
11.43,36.46,5.5,5.25,0.0473,0,5.89
17.97,34.55,4.52,4.45,0.0259,0,4.86
2.02,23.81,6.44,6.26,0.0011,0,6.4
5.12,59.44,5.75,5.67,0.0701,0,5.85
7.57,52.91,5.1,4.87,0.0,0,5.57
6.41,44.98,6.6,5.84,0.0845,3,6.71
16.71,32.24,5.48,5.51,0.0,0,5.82
19.87,27.72,5.32,5.66,0.0,4,6.46
12.97,11.09,5.29,5.05,0.0713,0,5.16
5.08,18.34,4.23,3.96,0.0,0,4.39
3.39,46.44,5.31,4.92,0.0836,7,4.34
11.56,27.22,6.59,5.64,0.014,0,6.14
6.86,52.94,5.99,4.81,0.0215,0,5.41
7.51,8.87,4.86,4.76,0.0,0,4.84
8.98,30.5,7.19,6.07,0.0312,0,5.89
11.68,38.82,6.22,5.73,0.1039,7,6.76
15.68,31.01,4.57,4.04,0.0689,0,5.32
7.87,53.35,7.26,6.15,0.1313,12,6.69
18.92,59.37,6.18,5.04,0.0481,8,6.01
6.42,6.95,5.18,5.12,0.0745,0,5.18
3.02,7.8,5.76,5.75,0.0,0,5.74
15.63,7.82,4.63,4.21,0.0,0,4.52
4.55,40.87,3.43,3.07,0.0519,0,3.59
14.85,22.36,5.99,5.29,0.0,0,5.79
7.46,44.0,8.61,7.16,0.24,27,7.77
7.83,24.33,5.71,5.44,0.0,0,5.92
6.82,37.66,5.01,4.21,0.0,0,4.71
18.95,46.19,6.51,5.23,0.1708,10,6.01
13.28,32.89,4.09,3.73,0.0017,0,4.63
16.95,32.37,6.34,5.66,0.048,22,6.93
9.99,5.29,5.54,5.2,0.0049,0,5.32
3.73,24.65,5.6,5.34,0.0788,0,5.64
12.42,32.75,-0.24,2.41,0.3896,39,1.87
5.91,27.72,1.49,3.49,0.2691,22,3.13
16.21,54.05,6.92,5.94,0.0827,15,6.64
15.96,54.39,8.12,6.85,0.0554,9,6.56
5.7,49.32,5.57,4.65,0.0,0,5.59
13.25,22.52,4.44,4.35,0.0093,0,4.48
7.74,43.04,5.46,5.02,0.058,0,5.63
18.92,23.72,6.97,6.34,0.0494,17,7.19
4.74,13.96,6.91,6.44,0.0,0,6.55
7.08,20.57,7.11,6.52,0.0,0,6.74
4.71,4.26,5.94,5.75,0.0,0,5.83
8.65,19.91,4.68,5.86,0.0,0,5.43
2.94,27.64,5.96,5.81,0.0,0,6.22
4.56,57.33,5.22,5.69,0.0,0,5.89
5.22,18.8,4.35,4.24,0.0464,0,4.32
2.14,54.15,5.63,4.75,0.0266,0,5.1
17.47,13.73,5.1,4.94,0.0,0,5.38
9.23,11.46,6.08,5.59,0.0,0,5.74
13.22,31.14,5.16,5.22,0.0209,0,5.65
6.25,40.35,5.39,4.9,0.0515,0,5.39
7.46,2.66,4.44,4.6,0.0,0,4.65
11.06,13.26,6.36,6.1,0.0876,6,6.91
10.91,27.34,4.89,4.48,0.0877,0,4.73
6.72,19.86,5.85,5.74,0.0,0,4.89
5.25,42.76,6.07,5.77,0.0,0,5.88
3.94,30.67,5.63,5.34,0.0,0,5.54
2.82,9.62,5.86,5.77,0.0124,0,5.8
17.0,53.67,9.24,7.52,0.2691,44,7.85
17.51,17.57,6.07,5.43,0.0362,0,6.26
7.27,43.87,5.3,4.73,0.0437,0,5.62
5.52,46.79,4.25,3.84,0.0,0,4.04
18.11,57.79,4.59,4.05,0.0,0,5.37
6.83,29.91,6.45,6.18,0.0873,0,6.24
18.34,36.95,4.68,3.99,0.0581,0,4.57
8.29,20.09,4.58,4.04,0.0,0,4.46
5.08,40.69,4.09,3.95,0.0219,0,4.61
6.82,27.8,5.0,4.8,0.0604,0,5.42
13.29,26.26,6.2,5.03,0.0229,0,5.68
17.89,51.33,7.29,6.4,0.2242,43,7.64
6.52,3.01,4.99,4.9,0.0,0,4.93
10.21,52.92,5.95,5.27,0.0,0,6.21
2.55,51.12,6.89,5.8,0.0,0,6.16
17.17,30.38,6.6,6.02,0.0845,4,6.81
8.25,29.41,5.33,4.57,0.0,0,4.95
4.43,21.71,5.02,4.45,0.0657,0,4.83
10.99,59.65,8.32,6.24,0.1515,25,6.84
2.4,6.67,4.55,4.44,0.0464,0,4.48
16.38,35.41,6.61,6.21,0.1355,10,6.73
6.63,40.9,6.62,5.96,0.0,0,6.35
12.72,56.06,5.61,5.79,0.064,0,6.16
5.96,46.81,6.47,5.89,0.0,0,6.27
10.35,38.63,5.5,5.2,0.0627,0,5.64
5.94,7.01,5.68,5.33,0.0251,0,5.52
13.34,22.42,6.36,5.81,0.0,0,6.25
11.07,8.33,5.62,5.28,0.0,0,5.75
11.44,52.87,4.87,4.76,0.0,0,5.45
8.4,44.98,6.88,6.47,0.0352,0,6.44
11.84,45.45,5.77,4.98,0.0,0,5.66
19.3,39.14,5.87,5.41,0.1783,18,6.67
17.76,30.42,6.78,6.22,0.1489,26,7.16
7.18,9.0,4.88,4.64,0.0,0,4.88
5.45,19.78,6.35,6.17,0.1102,0,6.16
19.0,8.21,3.77,3.83,0.0544,0,3.97
12.9,43.49,7.24,6.35,0.2356,31,7.5
13.07,9.61,5.69,5.18,0.0,0,5.48
16.71,42.13,6.06,5.12,0.0655,0,5.64
6.07,41.54,6.63,6.01,0.015,0,6.43
12.23,27.56,5.79,5.84,0.0149,0,6.33
19.53,8.11,3.61,3.99,0.0361,0,4.11
15.08,18.89,4.67,4.64,0.0657,0,5.36
7.31,19.21,6.21,5.76,0.0,0,5.95
7.0,42.02,5.41,4.88,0.0,0,5.79
8.06,6.82,5.07,5.19,0.0036,0,5.11
16.5,49.74,3.34,3.32,0.0318,0,4.6
9.43,45.66,4.86,4.94,0.0211,0,5.08
5.32,11.18,5.35,5.14,0.0396,0,5.24
19.16,43.15,5.9,5.34,0.0,0,5.35
7.55,40.11,6.7,6.31,0.1617,10,7.1
5.08,44.89,5.51,5.0,0.0632,0,5.48
6.02,11.34,3.63,3.63,0.0403,0,3.75
8.53,9.46,6.06,5.64,0.0,0,5.81
2.06,14.19,5.99,5.68,0.0,0,5.86
18.81,21.95,7.33,6.21,0.0985,5,6.73
18.19,47.62,4.8,5.68,0.0506,3,6.18
11.85,44.28,3.91,4.38,0.0402,0,4.94
11.16,55.53,6.34,5.34,0.0302,5,6.29
5.18,3.52,4.01,4.2,0.0063,0,4.17
8.65,0.69,3.89,3.89,0.1117,6,3.31
5.78,41.95,4.97,4.56,0.0239,0,4.71
19.09,16.76,5.1,4.43,0.0,0,4.69
4.51,20.04,6.4,5.86,0.0041,0,6.39
7.98,32.81,5.11,3.84,0.0,0,4.15
7.17,6.14,4.27,3.83,0.0,0,4.23
2.93,38.56,7.23,6.31,0.0,4,6.64
4.71,19.51,5.5,5.4,0.0798,0,5.77
4.45,37.96,6.06,5.87,0.0775,0,6.06
10.67,50.04,5.37,4.87,0.098,15,6.37
3.5,10.27,3.65,3.64,0.0046,0,3.72
8.43,55.85,3.5,3.38,0.0,0,3.52
11.35,31.84,5.26,4.71,0.0,0,4.94
13.36,55.38,3.92,4.74,0.0,0,5.14
7.47,12.46,5.42,5.21,0.085,0,5.45
9.89,36.27,6.32,6.04,0.2402,21,7.33
7.0,24.23,5.24,4.76,0.0,0,5.13
12.34,46.45,6.64,5.53,0.0714,18,6.7
7.7,36.35,4.9,4.59,0.0,0,5.37
6.65,29.67,5.34,5.2,0.0961,0,5.37
11.37,54.78,6.58,4.99,0.0914,1,5.59
5.27,22.63,4.55,4.22,0.0,0,3.86
2.97,13.2,4.58,4.27,0.0893,0,4.5
12.24,36.49,4.8,4.01,0.0,0,4.69
3.08,37.44,4.42,4.07,0.0,0,4.83
5.02,26.35,4.63,4.52,0.1471,7,3.5
14.03,29.2,5.93,5.63,0.0365,0,4.26
2.12,57.57,4.09,3.75,0.0001,0,4.82
5.63,43.96,6.27,5.31,0.1382,5,6.42
3.66,6.64,5.69,5.58,0.0288,0,5.55
5.61,12.73,6.49,6.09,0.0829,0,6.43
18.39,58.53,7.51,6.0,0.1649,39,7.32
19.97,43.59,6.52,5.62,0.0709,12,6.46
7.72,54.9,7.09,5.6,0.1639,10,6.3
3.33,18.23,6.38,6.24,0.0129,0,6.49
7.15,44.51,7.82,6.83,0.1532,9,7.2
14.92,42.84,5.04,4.29,0.0474,0,5.2
3.74,17.68,6.39,5.76,0.0134,0,6.02
17.72,33.05,5.77,4.52,0.0313,0,5.11
16.28,37.64,5.7,4.64,0.0,0,5.36
4.74,28.87,5.27,5.04,0.0,0,4.47
5.64,49.63,6.06,5.78,0.0377,0,6.18
5.63,49.97,7.07,6.31,0.0201,8,7.0
6.96,51.04,4.86,4.76,0.0,0,5.77
12.13,48.21,6.18,6.05,0.1544,21,7.2
14.68,29.29,5.34,4.67,0.0139,0,4.4
13.36,22.89,7.04,6.68,0.049,0,6.92
14.66,49.88,5.81,5.66,0.0,2,6.35
4.69,29.41,4.99,4.43,0.0422,0,5.01
15.79,14.78,4.54,4.52,0.0,0,4.7
14.64,30.44,6.71,5.98,0.0,6,6.64
12.8,8.51,5.17,5.02,0.0886,0,5.32
15.23,41.5,6.91,5.91,0.161,20,6.77
11.74,20.16,2.27,2.62,0.0755,4,2.55
8.63,15.64,4.51,4.55,0.0045,0,4.81
5.02,57.39,6.45,5.98,0.0643,8,6.72
5.5,46.61,5.28,4.87,0.0094,0,5.57
4.23,47.22,4.91,4.3,0.0,0,4.84
4.69,37.42,5.4,5.05,0.0,0,5.33
10.42,50.35,4.2,5.63,0.0,0,5.12
10.91,45.55,6.51,5.69,0.0791,10,6.62
8.03,35.93,4.72,4.29,0.0206,0,4.85
6.06,57.67,5.38,4.99,0.0284,0,6.13
16.59,11.5,2.32,4.29,0.0718,15,2.98
8.75,56.6,4.94,4.33,0.0,0,5.06
2.21,24.09,4.84,4.55,0.0,0,4.9
4.99,31.7,5.34,4.87,0.0631,0,5.28
12.07,7.36,6.13,5.74,0.0172,0,5.96
18.15,32.41,6.23,5.84,0.0935,15,6.75
11.66,36.67,5.02,4.97,0.0,0,5.44
3.06,59.86,6.85,5.64,0.0033,0,6.03
3.51,58.51,5.5,5.08,0.0994,11,6.41
17.92,57.98,3.69,5.47,0.0096,0,5.2
7.68,20.9,6.7,6.12,0.0752,0,6.77
2.82,59.48,4.19,4.25,0.0558,0,4.43
6.35,27.33,6.51,5.98,0.0,0,6.2
3.29,51.11,2.82,4.79,0.0867,13,3.87
19.58,12.98,3.75,3.52,0.0704,0,3.48
3.95,30.35,7.08,6.45,0.0,0,6.71
2.86,57.96,6.58,5.03,0.1081,0,5.6
18.33,56.82,6.98,5.94,0.1564,27,7.12
11.8,41.02,7.07,5.61,0.0654,6,6.34
9.73,47.87,6.24,5.46,0.0418,13,6.39
19.12,10.59,5.11,4.84,0.0671,0,4.68
6.85,43.3,3.76,3.87,0.0,0,3.86
17.66,37.08,4.28,3.59,0.0,0,4.19
5.64,5.49,5.34,5.28,0.0,0,5.45
16.84,6.79,5.82,5.48,0.0257,0,5.96
7.69,6.51,5.9,5.68,0.0101,0,5.72
13.6,43.46,2.7,4.05,0.0998,0,4.12
19.76,8.5,5.84,5.66,0.0184,0,6.06
3.34,28.06,6.39,6.1,0.0156,0,6.32
3.13,21.42,6.07,5.61,0.0273,0,6.06
12.36,33.03,5.61,4.89,0.0,0,5.17
5.6,42.39,6.21,4.99,0.0,0,5.72
16.45,41.08,3.56,4.11,0.0555,0,4.29
2.07,30.93,4.93,4.72,0.0,0,4.93
14.47,27.86,5.65,5.04,0.0,0,5.25
5.63,23.87,5.71,5.67,0.0359,0,5.65
19.2,51.71,8.26,6.88,0.3271,57,7.8
9.38,19.85,5.46,5.56,0.0,0,5.9
8.4,15.56,5.89,5.76,0.0495,0,6.14
5.44,44.6,7.09,6.17,0.0306,0,6.73
19.19,21.59,6.82,6.16,0.1599,13,7.0
15.68,50.82,5.82,4.88,0.0023,0,6.11
16.12,19.67,3.69,3.62,0.0274,0,3.73
12.49,42.12,5.88,5.28,0.0519,10,6.5
12.12,2.71,6.29,5.75,0.0,0,5.88
6.65,23.13,5.51,4.78,0.0895,0,5.58
13.4,20.59,2.91,4.16,0.0,0,3.81
5.02,49.0,5.72,5.21,0.0414,0,5.44
2.41,58.02,2.65,3.41,0.0,0,3.49
16.95,27.65,5.25,4.78,0.0131,0,5.29
6.84,49.49,4.84,5.64,0.0431,0,4.63
7.27,41.98,5.19,5.0,0.0322,0,5.38
16.78,58.04,5.13,4.28,0.0942,14,5.95
6.83,48.67,5.75,4.82,0.0049,0,5.04
7.84,4.65,3.23,5.52,0.0,0,4.94
8.17,42.8,6.41,5.0,0.0,0,5.55
13.35,32.13,6.91,6.08,0.2547,25,7.61
6.15,0.99,5.79,5.52,0.0134,0,5.6
9.71,15.08,6.07,5.89,0.0,0,6.61
4.97,55.31,5.53,5.05,0.0079,0,5.11
11.97,55.56,4.37,4.9,0.0122,0,4.88
16.22,47.93,7.31,6.31,0.1797,38,7.44
8.32,58.91,4.37,3.01,0.0,1,3.67
4.33,48.39,7.93,6.54,0.2085,17,7.22
19.21,0.61,5.24,4.86,0.0314,0,4.96
19.31,17.27,5.64,5.46,0.0308,0,5.21
4.42,1.84,4.83,4.81,0.0,0,4.8
3.29,5.65,5.73,5.67,0.0,0,5.84
4.14,13.13,5.7,5.28,0.0327,0,5.46
8.18,30.21,4.37,4.48,0.0,0,4.47
3.06,50.85,7.89,6.87,0.1057,15,7.35
9.77,51.72,6.19,5.16,0.0,2,6.12
19.35,36.97,8.64,7.04,0.413,52,8.42
16.84,55.69,8.32,6.37,0.144,29,7.13
4.32,30.0,3.63,3.14,0.032,2,2.95
7.79,53.34,7.28,6.11,0.2079,20,7.08
18.64,27.24,5.06,4.57,0.0406,0,5.57
17.42,16.63,5.72,5.31,0.0,0,5.59
7.45,54.98,6.53,5.44,0.0,3,6.11
18.07,23.28,5.66,4.72,0.0352,0,5.64
9.08,30.2,6.94,6.35,0.0,4,7.02
6.21,19.73,5.0,4.95,0.0807,0,5.15
14.85,39.77,4.26,3.79,0.0,0,4.85
2.32,59.7,7.39,6.5,0.1617,13,7.03
5.1,1.53,4.56,4.38,0.0,0,4.46
5.03,53.99,6.08,5.42,0.0539,9,6.6
19.89,0.24,6.59,6.04,0.0,0,6.5
15.18,21.85,3.98,4.49,0.0239,0,4.47
15.95,10.12,4.25,4.24,0.0,0,4.33
8.19,45.44,5.94,5.66,0.0,0,6.59
6.18,3.04,5.15,5.32,0.0,0,5.27
9.15,33.21,6.49,5.79,0.0033,0,6.38
8.73,17.7,6.78,6.56,0.1159,0,6.67
8.52,8.02,6.68,6.22,0.0458,0,6.51
7.75,46.31,2.04,2.9,0.0634,6,2.85
7.13,13.05,1.24,3.87,0.2798,19,2.67
3.38,13.42,6.27,6.01,0.0161,0,6.32
17.31,16.5,6.78,6.33,0.0344,0,6.84
7.76,35.21,5.08,4.53,0.0,0,4.96
11.97,39.58,7.52,6.42,0.1091,22,7.38
2.12,1.06,5.64,5.53,0.0,0,5.56
12.23,14.51,5.6,4.89,0.0148,0,5.62
5.84,25.86,6.55,5.99,0.1162,0,6.63
7.39,19.92,6.54,6.11,0.0949,0,6.32
16.86,53.05,6.31,4.53,0.0341,7,5.52
6.82,47.26,5.54,4.63,0.0,0,5.2
6.3,37.55,7.43,6.44,0.0374,6,6.92
13.89,20.28,5.88,5.19,0.0,0,5.53
4.39,42.04,5.6,5.25,0.0214,0,5.48
3.02,50.62,4.83,4.53,0.0023,0,4.9
13.52,35.69,6.4,5.31,0.0,0,5.23
17.21,47.07,8.52,7.06,0.2633,46,7.77
16.52,44.95,7.6,5.91,0.1452,33,7.39
17.04,34.3,7.33,6.28,0.0,0,6.57
18.19,18.73,0.05,2.99,0.4941,51,1.71
19.07,44.75,5.58,5.08,0.1126,23,6.66
11.08,12.41,5.06,4.85,0.0259,0,5.33
13.53,46.77,5.18,4.89,0.0,0,5.69
16.86,48.27,7.56,6.17,0.0507,10,6.63
15.46,49.33,5.1,4.8,0.03,0,5.77
19.93,28.37,5.91,5.07,0.0932,14,6.56
5.21,11.55,5.11,5.0,0.0,0,5.23
3.85,5.98,3.66,3.75,0.0516,0,3.8
9.22,44.6,4.82,5.51,0.0,0,5.33
8.93,53.18,6.83,5.53,0.0,0,5.97
4.83,39.05,6.11,5.19,0.0,0,5.52
15.64,8.65,5.88,5.71,0.0143,0,4.89
6.27,56.09,7.74,6.58,0.1534,13,6.99
2.53,59.35,7.26,6.61,0.0,10,7.03
15.4,26.0,4.1,3.98,0.0,0,4.1
7.37,35.69,7.2,6.78,0.0,0,6.9
2.35,46.63,6.42,6.05,0.0,0,6.56
14.43,44.18,7.78,6.45,0.1745,13,6.87
16.43,58.07,7.91,6.96,0.2558,38,7.63
4.62,6.89,4.92,4.96,0.0,0,5.04
17.78,34.84,5.11,4.41,0.0237,0,4.68
19.47,41.52,7.91,7.03,0.3474,50,8.34
5.04,53.41,6.64,6.1,0.1978,20,7.29
2.76,52.45,7.2,6.35,0.0,7,6.75
17.13,58.68,6.49,6.06,0.0916,14,6.94
6.58,30.72,2.86,4.3,0.0,0,4.06
5.17,49.85,3.17,4.44,0.0852,5,4.1
19.49,25.64,5.25,4.53,0.0456,0,4.51
12.1,25.34,7.68,6.67,0.1809,15,7.36
6.12,15.2,5.33,5.01,0.0679,0,5.25
6.91,49.09,6.11,5.28,0.143,5,6.37
10.94,59.15,6.38,4.67,0.0273,6,5.69
9.07,15.38,4.22,4.09,0.0273,0,4.5
2.24,3.37,3.65,3.65,0.0,0,3.77
2.74,48.93,6.52,6.37,0.053,0,6.36
17.09,37.21,6.48,5.04,0.0033,0,5.49
5.14,57.58,8.05,6.77,0.1609,22,7.24
7.07,15.13,5.75,5.52,0.0638,0,5.89
7.62,4.26,4.15,4.21,0.0,0,4.23
5.93,29.55,6.26,5.88,0.0,0,6.56
8.81,5.13,6.04,5.92,0.0,0,5.9
8.88,15.71,5.26,5.01,0.0,0,5.49
12.33,7.56,4.25,3.95,0.1017,0,4.05
14.79,13.45,6.6,5.99,0.0,0,6.25
6.82,6.37,5.38,5.2,0.0,0,5.38
7.63,57.23,7.31,6.13,0.0,4,6.53
8.71,16.71,2.51,3.26,0.0,0,3.17
19.61,26.63,6.79,5.58,0.0,0,6.16
10.96,53.92,2.88,3.76,0.0037,2,3.61
7.27,40.64,6.47,6.31,0.0192,0,6.67
3.81,37.08,5.09,4.51,0.0084,0,4.75
12.36,42.33,7.69,6.63,0.2418,25,7.39
6.11,49.73,7.27,6.45,0.2736,21,7.37
5.52,52.66,5.85,5.31,0.0,2,6.22
3.57,38.56,6.16,5.42,0.0628,0,6.08
10.98,53.4,6.98,6.03,0.1268,14,6.67
7.05,32.12,6.59,6.38,0.0504,0,6.65
15.31,16.64,5.07,4.87,0.0,0,5.63
19.89,52.8,5.79,5.21,0.0585,26,6.69
10.93,32.49,4.67,4.37,0.0,0,4.67
14.37,54.37,7.23,6.2,0.1534,27,7.11
19.44,2.41,4.89,4.7,0.0,0,4.9
5.51,23.85,6.16,5.88,0.0,0,6.24
11.95,56.87,7.76,6.34,0.1754,33,7.37
16.06,14.98,4.16,4.31,0.0043,0,4.96
6.92,56.49,7.23,5.87,0.2408,20,6.81
7.12,57.23,6.9,6.26,0.4342,43,8.57
9.19,52.93,3.81,3.96,0.0455,0,4.18
7.42,33.82,6.59,6.07,0.0157,0,6.67
2.11,38.82,4.72,5.2,0.0335,0,5.34
6.97,52.18,6.36,5.05,0.1485,9,6.24
15.48,46.55,6.57,5.19,0.0,0,5.72
11.84,37.81,6.21,5.64,0.0,0,6.08
12.97,58.94,8.54,6.94,0.2807,31,7.68
2.27,41.14,5.57,4.62,0.0315,0,4.94
7.1,58.53,4.85,4.08,0.0,0,4.6
4.82,3.44,4.44,4.36,0.0271,0,4.4
19.78,8.34,4.4,4.1,0.0,0,4.92
6.44,27.09,6.22,5.83,0.0,0,5.96
9.29,23.09,5.55,4.97,0.0,0,5.54
2.75,46.96,6.2,5.14,0.0771,0,5.48
6.08,9.64,4.73,4.79,0.0068,0,4.93
18.14,58.57,4.48,5.33,0.0012,0,5.36
12.86,18.9,4.94,4.67,0.0,0,5.16
11.12,25.74,5.71,5.37,0.0,0,5.75
9.65,16.48,6.09,5.51,0.0359,0,5.81
9.46,34.76,4.14,3.8,0.0061,0,4.35
9.59,3.52,6.36,6.09,0.0,0,6.25
5.69,8.98,3.79,3.59,0.2822,8,3.3
2.08,44.75,5.05,4.22,0.0044,0,4.78
15.05,11.19,4.93,4.97,0.0709,0,5.1
16.98,14.13,5.18,5.59,0.0616,0,5.59
8.86,47.58,3.98,3.8,0.0,0,4.32
14.27,5.6,5.29,5.01,0.0,0,4.39
4.1,26.25,5.99,5.66,0.0904,0,5.89
16.74,1.38,5.9,5.5,0.0,0,5.88
2.8,20.81,4.55,4.35,0.0563,0,4.85
6.03,41.94,5.25,4.65,0.0,0,4.46
18.23,5.41,5.93,5.82,0.0518,0,5.94
7.55,53.3,3.69,4.92,0.0675,0,5.28
6.0,54.57,5.6,4.84,0.0,0,5.19
2.57,6.3,5.0,4.89,0.0997,0,5.0
10.19,59.44,7.27,6.6,0.2471,34,7.49
15.08,17.85,5.33,4.8,0.0639,0,5.02
3.29,5.05,5.7,5.64,0.0,0,5.68
12.28,0.3,4.23,4.06,0.0019,0,3.99
11.99,24.51,6.1,5.92,0.0,0,6.23
14.82,37.79,7.57,6.71,0.2277,36,8.08
3.92,19.93,4.12,3.89,0.0112,0,4.11
8.8,50.2,6.68,6.12,0.0144,0,5.79
18.78,43.0,6.58,5.45,0.0,0,5.72
15.05,21.01,6.53,6.26,0.0076,0,6.64
5.2,44.06,5.11,4.38,0.0632,0,4.65
8.07,56.43,5.97,5.05,0.0021,0,5.82
15.24,5.59,3.35,4.05,0.0,0,3.88
16.47,18.37,4.59,4.52,0.0607,0,4.84
17.6,27.8,6.28,6.1,0.1066,11,6.75
9.38,29.88,4.3,4.12,0.0548,0,4.18
18.97,32.53,4.32,3.76,0.0,0,4.12
13.29,18.04,3.83,3.59,0.0355,0,4.03
15.45,40.04,4.15,3.84,0.0513,0,4.13
3.93,38.71,5.39,4.78,0.0002,0,5.93
6.84,34.67,6.63,5.92,0.0,0,6.16
19.45,6.83,5.32,5.04,0.0057,0,4.79
6.84,28.62,1.97,2.41,0.2087,16,2.44
8.82,21.37,4.36,4.34,0.0398,0,4.32
17.2,29.46,5.69,5.29,0.0,0,5.9
14.28,55.31,4.18,4.89,0.0,0,5.33
6.53,28.83,4.25,4.23,0.0079,0,4.78
12.74,0.84,4.94,4.9,0.0,0,5.01
10.65,26.33,6.13,5.18,0.0641,0,5.46
18.83,49.24,8.12,6.75,0.2443,34,7.47
5.54,46.8,5.58,4.92,0.0747,0,6.21
17.84,30.8,6.7,6.07,0.0039,0,6.44
8.46,14.99,3.35,4.74,0.1556,13,3.82
6.39,27.91,4.84,4.43,0.0,0,5.23
6.66,33.82,5.32,4.77,0.0,0,5.59
7.23,59.99,6.23,5.42,0.0,4,6.24
18.32,38.65,3.4,3.24,0.2841,33,2.54
12.1,41.66,5.02,4.6,0.0,0,5.24
16.2,29.49,7.58,6.64,0.1077,17,7.2
17.07,21.27,3.33,3.53,0.0,0,4.13
16.05,48.78,7.69,6.91,0.4516,55,8.89
18.88,29.7,7.29,6.31,0.0599,2,6.72
11.7,59.68,4.15,3.81,0.0,0,5.22
7.6,27.43,4.32,4.06,0.0,0,4.31
5.72,4.08,4.48,4.57,0.0068,0,4.53
8.7,40.95,7.37,6.44,0.0388,8,6.87
6.97,2.8,4.92,4.97,0.1173,0,5.07
13.37,15.03,6.56,5.83,0.0,0,6.24
5.57,21.22,5.99,5.65,0.0153,0,5.79
5.58,44.37,6.77,6.15,0.132,21,7.51
5.54,29.65,6.07,5.69,0.0,0,6.27
17.47,1.72,6.21,5.9,0.0,0,6.33
7.88,37.01,3.65,5.33,0.0165,0,4.95
10.37,24.69,2.68,3.74,0.0214,0,3.29
3.36,55.31,6.82,6.28,0.1179,12,7.03
6.05,29.97,5.99,5.33,0.0,0,5.98
6.01,42.54,5.75,5.21,0.0617,0,5.69
14.24,13.13,5.05,4.81,0.0,0,5.28
7.75,45.66,5.94,4.83,0.0,0,5.42
15.19,43.26,4.92,4.18,0.0969,0,5.02
7.36,54.24,8.78,7.22,0.1612,33,7.85
4.34,2.03,4.31,4.27,0.0,0,4.44
17.92,26.85,4.21,4.03,0.0,0,4.44
7.26,40.75,7.9,6.68,0.2943,21,7.34
9.18,5.71,4.76,4.86,0.1125,0,4.96
7.18,24.64,4.75,4.29,0.0628,0,4.5
8.16,56.53,5.67,4.88,0.0,0,5.87
3.82,26.16,6.38,5.64,0.0188,0,5.9
7.18,59.12,5.83,5.2,0.2216,28,6.79
6.17,3.41,1.58,3.05,0.5987,16,2.42
11.41,43.07,7.21,6.23,0.0,0,6.18
3.47,34.86,6.3,5.92,0.0617,0,6.46
5.46,30.03,6.28,5.86,0.0,0,6.52
3.65,58.25,7.48,6.63,0.2267,20,7.51
16.3,7.78,6.45,6.0,0.0169,0,6.36
19.56,53.76,4.42,3.54,0.0,4,3.9
5.39,41.47,5.7,5.3,0.0,0,5.72
4.04,15.54,4.57,5.56,0.0111,0,5.15
15.61,54.1,6.66,5.35,0.077,7,6.38
6.2,25.76,6.76,6.42,0.0429,0,6.61
11.03,48.85,4.74,4.72,0.0,0,4.11
5.66,23.33,5.53,5.11,0.0,0,5.35
7.12,51.06,7.21,6.4,0.1186,20,7.45
9.1,38.2,6.21,4.89,0.0,0,5.32
13.66,8.46,6.68,5.79,0.044,0,6.11
4.7,38.98,5.2,4.8,0.0,0,5.87
5.52,11.48,5.66,5.45,0.0,0,5.96
5.34,24.72,4.21,3.99,0.0,0,4.2
15.84,10.22,4.17,5.25,0.0,0,5.0
19.46,1.32,4.51,4.55,0.0,0,4.64
6.42,12.71,3.69,3.69,0.0172,0,3.8
16.43,32.18,7.92,6.75,0.2338,16,7.18
12.81,28.89,3.3,3.58,0.0579,0,3.49
8.06,30.09,7.09,6.03,0.0,0,6.43
13.18,14.86,6.22,5.88,0.0,0,6.34
3.65,41.11,5.73,5.54,0.072,0,6.29
18.44,42.26,5.82,6.08,0.0,14,6.73
4.58,21.48,5.13,4.56,0.0318,0,4.83
7.93,52.87,5.12,4.46,0.0016,0,5.45
14.0,38.64,4.42,4.24,0.0,0,5.53
9.98,42.78,5.02,4.21,0.0,0,4.54
5.86,16.64,5.67,5.4,0.0,0,5.46
8.0,0.04,5.1,5.25,0.0,0,5.16
6.7,51.92,3.85,4.98,0.0,0,4.88
17.64,49.35,6.35,5.79,0.0793,17,6.89
5.82,7.39,4.8,4.41,0.0717,0,4.47
5.32,22.45,4.02,3.8,0.0224,0,4.46
19.4,39.68,4.64,4.44,0.0362,0,4.61
10.69,39.13,6.78,6.36,0.2317,19,7.09
4.26,51.62,7.16,6.32,0.0,3,6.64
9.26,8.42,6.2,5.83,0.0,0,5.97
6.79,25.8,6.64,6.1,0.0,0,6.37
6.54,5.83,4.3,4.06,0.0,0,4.21
3.51,23.38,5.07,4.92,0.0315,0,5.26
3.22,0.91,5.36,5.35,0.0,0,5.41
7.84,53.9,5.83,4.99,0.0,0,5.35
4.86,31.62,6.47,5.95,0.0,0,6.35
17.93,50.99,4.92,4.17,0.06,0,5.19
11.37,3.59,5.38,5.37,0.0,0,5.42
18.74,13.65,5.28,5.24,0.0,0,5.41
12.47,15.56,6.27,5.74,0.0419,0,6.07
10.98,23.2,4.56,4.2,0.0,0,5.18
7.59,48.17,8.01,6.62,0.1239,19,7.12
6.1,23.19,2.31,4.04,0.0,0,3.58
6.34,12.28,5.95,5.61,0.0,0,5.79
14.78,3.9,4.85,4.65,0.0,0,5.0
4.62,4.77,3.73,3.71,0.0542,0,3.64
5.78,45.6,6.11,5.19,0.0,0,5.91
4.04,26.69,4.48,4.17,0.0642,0,4.52
10.83,43.57,6.35,5.45,0.0,0,6.11
13.95,40.94,2.54,3.73,0.0218,0,3.82
12.51,8.12,5.14,4.53,0.0,0,4.82
5.48,8.57,5.05,4.7,0.0061,0,4.98
3.72,45.32,4.88,4.23,0.0,0,5.24
18.68,43.28,6.77,6.31,0.1798,29,7.55
8.82,22.68,5.71,5.2,0.0663,0,5.44
2.31,4.65,4.37,4.33,0.0039,0,4.35
8.98,0.73,5.32,5.22,0.0,0,5.22
2.45,17.29,4.45,4.14,0.0232,0,4.34
19.16,0.55,5.57,5.38,0.0621,0,5.56
5.29,13.8,6.29,6.08,0.0,0,6.33
2.23,25.17,5.79,5.2,0.0,0,5.71
5.95,7.28,4.7,4.5,0.0,0,4.59
17.29,6.26,4.67,4.27,0.0,0,4.8
7.23,53.79,5.84,4.52,0.0,0,5.02
10.26,35.13,2.42,3.97,0.0,0,3.63
8.25,56.07,3.99,4.77,0.0153,0,4.69
13.78,20.75,5.43,4.9,0.1347,0,5.52
10.22,40.63,6.26,5.59,0.0,0,6.36
14.86,12.28,6.69,6.37,0.0,0,6.58
2.69,37.1,6.98,6.56,0.0,0,6.94
5.97,7.78,6.09,5.6,0.1351,0,5.77
6.49,0.12,5.2,5.09,0.0006,0,5.08
11.28,55.89,8.76,7.36,0.314,43,7.96
6.26,33.29,6.05,5.2,0.0253,0,5.57
4.18,55.62,3.4,4.33,0.0,0,4.46
8.67,20.03,5.04,4.72,0.0,0,5.36
4.73,19.67,5.34,5.36,0.0376,0,5.53
16.53,24.04,5.77,5.45,0.0,0,5.72
9.33,42.36,7.1,6.66,0.1166,11,7.08
11.14,33.95,2.85,2.74,0.0585,2,2.91
12.86,55.52,8.91,7.1,0.3598,44,8.13
7.02,1.53,4.59,4.46,0.0,0,4.59
5.39,42.49,5.91,5.5,0.0,0,6.23
3.9,19.82,6.11,5.87,0.0,0,5.94
14.4,10.81,6.18,5.87,0.0,0,6.06
6.1,30.62,6.21,5.64,0.0,2,6.48
7.85,30.3,5.72,4.89,0.0,0,5.29
10.07,8.22,5.3,5.12,0.0343,0,5.49
6.17,12.11,3.96,3.72,0.0,0,3.78
7.88,24.49,4.46,4.29,0.0505,0,4.93
18.67,24.53,5.34,4.65,0.0,0,4.17
5.1,19.05,5.84,5.3,0.0,0,5.95
14.8,8.91,4.03,4.03,0.0567,0,4.05
10.77,0.26,5.45,5.57,0.0368,0,5.52
15.09,58.21,6.72,5.64,0.2127,42,7.63
13.83,56.61,5.63,4.99,0.0599,0,5.75
8.35,29.02,5.31,4.98,0.0848,0,5.41
7.7,59.7,6.48,5.93,0.2163,32,7.53
12.38,40.42,5.99,5.24,0.0224,0,6.01
3.37,4.13,4.77,4.85,0.0,0,4.85
11.09,7.06,5.14,5.17,0.0547,0,5.36
19.77,54.97,7.8,6.29,0.2162,48,7.59
7.53,37.8,6.13,5.99,0.0743,0,6.61
7.12,50.59,5.49,5.12,0.0537,0,5.92
12.71,53.9,6.4,5.97,0.0,2,6.49
4.36,26.88,4.04,3.84,0.0,0,4.18
16.33,2.91,4.91,4.91,0.0,0,5.0
4.79,11.3,4.74,4.47,0.0,0,4.69
3.52,3.99,4.22,4.19,0.0,0,4.11
9.87,11.32,5.74,5.34,0.0,0,5.23
16.98,24.63,6.64,5.86,0.0,0,6.07
8.16,7.09,4.04,3.81,0.0,0,4.01
13.18,10.0,4.72,4.32,0.0428,0,4.51
7.7,26.75,5.44,5.47,0.0102,0,5.54
10.21,20.41,4.29,4.1,0.0,0,4.36
18.97,28.06,3.93,5.15,0.0123,0,5.04
7.19,25.75,4.85,4.82,0.0,0,4.92
14.49,38.67,8.24,7.06,0.4262,48,8.58
13.89,56.23,8.22,6.2,0.2106,31,7.34
6.58,6.47,4.26,3.93,0.0,0,4.0
9.89,5.96,5.82,5.66,0.0038,0,5.49
3.23,51.17,7.14,6.96,0.0822,0,6.45
7.81,30.38,5.26,4.97,0.0132,0,5.08
4.82,45.98,6.36,5.82,0.1469,8,6.85
19.58,12.93,5.11,4.65,0.0428,0,4.87
8.22,49.73,4.78,4.24,0.0666,0,4.44
3.98,55.43,6.16,5.67,0.0,0,6.04
2.83,38.13,5.78,5.23,0.0226,0,5.73
4.39,6.35,4.64,4.38,0.0544,0,4.46
9.22,53.72,9.14,7.49,0.364,46,8.29
5.3,47.55,5.87,5.57,0.0443,0,6.14
5.67,45.05,5.5,4.62,0.1112,0,5.28
19.35,2.2,4.49,5.18,0.0116,0,4.8
10.87,47.94,7.28,5.91,0.1353,13,6.73
11.3,8.28,4.78,4.55,0.0,0,5.1
19.53,13.34,6.72,6.42,0.0,0,5.51
15.42,34.63,5.27,5.48,0.1416,0,5.63
15.79,15.9,5.85,5.23,0.0839,0,5.65
3.73,39.68,5.6,5.16,0.0,0,5.33
2.52,36.48,4.54,4.04,0.0108,0,3.89
7.62,6.49,5.79,5.58,0.0,0,5.92
4.27,39.36,5.45,4.6,0.0,0,5.23
15.49,55.44,5.11,4.39,0.0424,0,4.94
16.03,9.67,6.76,6.51,0.0,0,6.72
9.36,35.82,5.64,5.07,0.0,0,5.61
6.3,20.51,4.45,4.39,0.0508,0,4.39
2.81,27.58,5.78,5.55,0.015,0,5.64
9.45,17.22,4.15,3.93,0.0,0,4.07
13.44,21.25,5.44,4.79,0.0,0,5.22
6.87,1.73,3.81,3.87,0.0,0,4.06
17.25,58.89,7.64,6.48,0.1443,31,7.25
6.66,37.49,7.24,6.62,0.0379,0,6.81
17.44,30.04,6.01,4.9,0.0769,0,5.6
14.04,23.02,5.77,5.16,0.0576,0,5.57
5.24,32.36,6.03,5.8,0.0,0,6.34
4.77,22.81,5.66,5.12,0.0,0,5.49
9.24,21.59,5.9,5.2,0.0,0,5.62
9.85,27.84,6.35,6.1,0.0533,0,6.5
10.27,16.56,5.73,5.06,0.0,0,5.25
5.95,10.8,4.96,4.93,0.0266,0,5.19
7.63,33.4,5.14,4.58,0.0421,0,5.37
5.47,50.57,6.48,5.53,0.2232,22,7.15
7.33,9.17,4.82,4.58,0.0,0,4.77
10.57,1.96,4.26,4.24,0.0,0,4.27
14.69,14.81,6.18,5.74,0.0,0,6.15
10.34,58.78,8.63,7.28,0.2707,44,7.87
15.11,49.73,5.91,5.1,0.0111,12,6.4
15.94,35.75,6.33,5.7,0.1141,14,6.81
15.36,55.75,4.68,4.99,0.0,0,5.35
6.71,26.72,6.5,6.05,0.0305,0,6.3
6.26,59.0,5.39,5.13,0.0,0,5.88
7.7,17.78,5.0,4.38,0.0446,0,5.05
3.47,14.42,6.4,5.95,0.0,0,6.22
6.48,38.28,4.2,4.06,0.0121,0,4.65
11.5,22.69,4.5,4.46,0.0,0,4.72
12.01,37.58,6.86,6.41,0.0033,0,6.66
15.57,18.3,5.62,5.07,0.0312,0,5.35
5.31,37.08,5.03,4.49,0.0459,0,5.35
9.73,16.54,6.39,6.2,0.0,0,6.24
5.91,3.06,4.06,4.08,0.0284,0,4.17
15.3,54.73,4.2,3.87,0.0845,11,5.78
13.52,52.99,5.35,4.29,0.0,0,5.02
10.24,58.25,7.59,5.88,0.1707,15,6.72
3.19,42.99,7.07,6.75,0.0065,2,7.01
7.77,40.96,5.46,5.04,0.0,0,5.87
12.04,33.54,5.57,4.76,0.0358,0,5.78
12.67,7.56,1.81,2.68,0.3577,16,2.4
14.55,11.35,6.1,6.02,0.0023,0,6.24
4.13,17.37,4.26,4.18,0.0538,0,4.35
9.33,53.41,5.93,5.66,0.0932,12,6.7
7.11,10.38,4.85,4.65,0.0,0,4.76
7.35,55.37,5.53,5.11,0.0639,5,6.13
5.26,31.37,4.92,4.67,0.0,0,4.72
4.98,42.93,5.4,4.99,0.0,0,5.53
11.14,6.61,4.19,4.06,0.0,0,4.4
7.54,16.14,4.77,4.82,0.0,0,4.95
3.01,57.51,6.32,4.59,0.0,0,5.37
2.76,15.97,5.06,4.62,0.0149,0,4.93
18.21,17.79,6.55,6.2,0.0554,6,6.75
14.1,11.86,4.66,4.56,0.0,0,4.68
17.91,7.74,5.27,4.83,0.0,0,5.15
5.23,14.0,3.34,3.22,0.0,0,3.42
6.61,38.54,5.11,5.21,0.0,0,5.64
5.83,27.32,4.4,4.45,0.0687,0,4.45
15.69,33.23,4.23,3.87,0.0,0,4.97
6.04,7.34,4.04,4.0,0.0,0,4.2
12.45,48.13,7.16,6.33,0.0625,16,6.9
12.09,47.05,9.21,7.31,0.3621,46,8.23
7.12,1.3,5.61,5.42,0.0,0,5.61
3.03,23.01,4.93,4.81,0.0,0,5.56
7.56,4.13,4.5,4.46,0.0,0,4.39
3.71,47.53,6.72,5.9,0.2369,15,7.15
3.63,44.24,8.04,7.15,0.1269,12,7.43
5.46,54.12,7.81,6.55,0.0629,13,6.96
15.09,14.18,6.27,5.25,0.0,0,5.52
17.25,27.38,7.61,6.71,0.1754,17,7.2
18.98,11.07,6.7,6.34,0.0724,0,6.33
18.14,22.27,6.67,5.42,0.0,0,5.49
9.79,31.33,6.5,6.15,0.0,1,6.65
13.8,3.2,4.09,3.88,0.4328,26,1.87
6.16,42.89,4.28,4.06,0.0395,0,4.42
8.87,32.6,7.53,6.57,0.0,5,6.97
6.41,49.74,6.73,6.0,0.0912,20,7.37
9.73,16.31,5.89,5.59,0.0573,0,5.71
18.13,54.2,5.65,4.59,0.0642,0,5.51
10.21,59.92,7.58,5.9,0.1006,22,6.75
6.21,55.16,7.11,6.49,0.0792,15,7.2
11.5,46.67,4.82,5.66,0.0,0,4.52
6.37,48.74,4.62,4.1,0.0,0,4.6
19.54,34.42,6.33,5.71,0.1255,24,7.03
9.44,11.41,5.33,5.34,0.0355,0,5.63
14.41,40.62,7.28,5.36,0.0,0,6.01
11.3,42.77,7.84,6.33,0.1136,10,6.76
5.92,59.12,6.85,6.22,0.1247,17,7.35
12.34,32.48,5.9,5.25,0.0116,0,5.88
17.2,16.28,6.94,6.25,0.042,1,6.67
6.48,41.02,6.46,5.62,0.0,4,6.5
2.56,58.76,7.48,6.49,0.0113,5,6.86
6.43,10.63,5.89,6.05,0.0488,0,5.98
7.76,19.56,3.9,3.8,0.0,0,3.86
15.86,32.51,6.99,5.87,0.1945,23,6.98
13.48,10.21,6.52,5.92,0.0104,0,6.23
12.02,1.33,5.45,6.08,0.0068,0,5.99
4.66,20.22,5.67,5.34,0.0377,0,6.1
5.6,51.92,6.87,5.63,0.0151,4,6.19
17.18,2.61,5.29,5.26,0.0,0,5.57
7.6,25.74,6.03,5.71,0.0,0,6.31
14.64,45.73,9.37,7.64,0.2935,47,8.17
11.87,57.19,5.74,4.93,0.0458,10,6.15
17.97,59.13,9.02,7.09,0.2954,57,8.19
6.75,25.32,4.59,4.14,0.0,0,4.35
5.5,57.02,6.42,6.01,0.0283,5,6.81
7.45,2.13,5.43,5.11,0.0,0,5.21
19.38,44.76,4.12,5.31,0.0,0,5.24
9.16,38.56,5.66,5.18,0.0482,0,5.95
4.41,14.97,2.67,2.71,0.111,5,2.75
10.83,30.44,5.65,4.96,0.0252,0,5.26
6.79,7.77,6.57,6.03,0.0601,0,6.25
5.22,52.3,8.03,6.82,0.3277,29,7.76
7.35,21.47,5.02,4.47,0.0193,0,4.85
8.75,37.56,7.21,6.48,0.0045,5,6.84
2.76,9.53,4.35,4.31,0.0,0,4.41
15.52,12.37,4.92,4.32,0.0,0,4.69
19.8,59.52,7.92,6.13,0.1595,32,7.05
11.62,45.19,6.29,5.57,0.0909,15,6.82
12.77,57.72,5.55,5.14,0.0528,0,4.81
12.83,17.75,4.26,4.26,0.0,0,4.2
13.09,9.87,7.03,6.43,0.028,0,6.56
12.77,30.18,6.47,5.75,0.1528,7,6.43
5.13,29.68,5.23,5.22,0.0,0,5.37
5.03,10.5,4.93,4.58,0.043,0,4.72
6.42,43.99,5.1,4.51,0.0,0,5.09
6.52,21.71,5.3,5.08,0.0,0,5.27
15.57,11.18,5.1,4.79,0.0434,0,4.95
8.07,19.92,5.24,5.2,0.0,0,3.99
18.42,33.82,5.04,4.18,0.0467,0,5.35
6.41,43.59,4.98,4.4,0.0,0,4.79
19.64,28.91,5.43,4.53,0.036,0,5.65
2.11,31.54,7.58,7.0,0.0456,4,7.26
9.08,8.34,4.99,4.48,0.147,0,4.65
12.65,54.88,5.4,4.62,0.0835,12,6.08
7.63,55.72,6.03,5.14,0.0493,0,5.39
17.09,41.01,4.96,4.62,0.0356,0,5.49
18.33,1.06,4.29,4.0,0.0,0,4.6
17.77,32.22,7.46,6.54,0.1438,18,7.19
11.5,37.75,5.24,4.68,0.0472,0,5.32
16.38,59.68,7.59,5.01,0.1079,15,5.74
6.46,59.76,3.2,3.7,0.0,0,4.38
4.94,51.46,7.88,6.57,0.1034,19,7.25
4.7,3.83,4.72,4.85,0.0,0,4.83
11.38,57.2,6.0,4.91,0.0145,12,5.92
19.93,36.76,3.7,5.36,0.0,0,5.07
6.46,48.05,7.28,6.26,0.0,0,6.51
5.8,24.43,6.53,5.88,0.0,0,6.17
12.2,19.18,6.53,6.08,0.0545,0,6.58
17.41,27.79,6.21,5.98,0.0243,4,6.58
6.62,8.81,6.62,6.04,0.0417,0,6.22
18.74,21.42,5.49,4.8,0.0,0,5.95
9.47,51.46,7.2,5.63,0.0382,8,6.32
19.25,2.28,6.1,6.06,0.0471,0,6.22
7.28,9.05,2.64,3.55,0.0,0,3.37
6.23,7.51,5.61,5.04,0.0,0,4.55
4.72,24.18,5.94,5.43,0.0376,0,5.94
17.42,59.82,7.4,6.31,0.149,36,7.5
12.1,10.4,5.96,5.52,0.0641,0,5.62
17.44,8.73,6.44,5.69,0.0268,0,6.19
15.95,54.9,5.38,4.8,0.0,0,5.42
8.14,52.92,5.05,4.22,0.0,0,5.43
19.23,1.93,3.65,3.83,0.0469,0,3.85
3.68,45.1,6.39,5.95,0.0,0,6.44
18.47,39.33,7.25,6.45,0.0,0,6.48
9.57,46.06,7.43,6.27,0.0,6,6.71
12.5,29.67,5.33,4.47,0.0,0,4.66
11.34,59.48,5.46,6.18,0.0881,0,6.56
5.98,2.63,3.72,3.64,0.0,0,3.74
10.37,14.06,4.71,4.21,0.0,0,4.44
7.89,23.79,4.48,4.7,0.0,0,4.66
8.06,26.99,4.84,4.14,0.0,0,4.85
7.81,55.28,5.39,4.68,0.0,1,5.8
12.34,33.6,4.83,4.82,0.0507,0,5.08
2.14,2.71,4.29,4.34,0.0491,0,4.27
13.53,24.47,3.47,3.7,0.0,0,4.04
4.51,24.99,5.51,5.47,0.0248,0,5.67
14.55,57.93,8.53,6.99,0.2265,49,7.62
6.33,35.95,5.24,4.62,0.0,0,4.89
2.53,38.14,4.87,4.46,0.1045,0,4.71
11.74,42.8,7.08,6.39,0.0971,10,7.19
15.34,46.2,7.17,6.19,0.159,35,7.42
6.05,38.1,3.29,3.74,0.0,0,3.69
17.9,14.23,5.01,4.56,0.0,0,4.99
16.67,52.44,6.78,5.64,0.0586,9,6.69
8.68,43.93,6.3,5.33,0.0,0,5.95
16.52,44.51,3.4,3.61,0.0092,0,3.99
5.29,59.79,7.42,6.26,0.0908,18,7.02
8.26,48.15,5.71,4.71,0.0,0,5.36
5.98,49.75,7.03,6.36,0.043,6,6.69
16.7,57.08,7.14,5.56,0.1182,7,6.09
7.41,9.07,5.47,5.34,0.0246,0,5.57
7.25,29.86,5.95,5.71,0.0,0,6.31
6.81,34.83,3.31,4.21,0.0,0,3.97
12.52,19.76,5.65,4.93,0.0,0,5.63
15.57,50.36,5.87,5.32,0.0,0,5.96
3.59,45.75,6.46,5.65,0.0426,0,6.49
14.75,43.25,3.09,4.72,0.0,0,4.34
6.26,59.83,6.8,5.68,0.0,0,5.64
7.72,15.56,6.9,6.43,0.0,0,6.76
12.14,44.13,7.26,5.44,0.0389,2,6.02
2.83,33.08,6.43,6.07,0.0071,2,7.05
7.19,18.78,4.96,4.93,0.0,0,5.15
7.78,9.64,4.96,4.61,0.071,0,4.79
8.07,53.75,4.49,4.11,0.1202,0,4.86
8.58,35.73,4.27,4.88,0.057,0,4.98
3.59,49.5,6.53,5.6,0.0,4,6.64
10.93,32.72,5.21,4.92,0.0,0,5.63
6.25,13.2,5.92,5.88,0.0,0,6.06
11.57,20.25,5.57,5.45,0.0326,0,5.76
16.64,22.89,5.21,4.72,0.0,0,5.46
2.6,58.38,5.78,5.28,0.0,0,6.02
6.9,0.34,5.95,5.75,0.0,0,5.88
4.22,59.14,5.3,4.57,0.0,0,4.98
18.17,58.83,8.18,6.59,0.3228,58,7.77
6.2,59.77,5.95,5.37,0.0274,0,5.77
7.23,28.6,4.11,4.12,0.0065,0,4.37
5.33,57.83,6.49,5.54,0.0,4,6.6
14.43,23.74,3.33,4.52,0.0,0,4.38
13.74,1.58,3.47,3.54,0.1168,0,3.57
19.8,13.46,6.24,5.67,0.0,0,5.88
18.3,56.72,6.14,4.78,0.2475,22,6.57
6.53,0.83,4.64,4.43,0.0,0,4.7
10.57,32.76,5.85,5.55,0.0,0,6.12
4.03,4.54,5.17,5.17,0.0173,0,5.36
7.29,17.18,5.05,4.96,0.0266,0,5.47
6.17,5.29,4.58,4.4,0.0,0,4.5
6.59,51.57,6.44,5.47,0.0,0,5.95
6.71,35.46,5.02,4.62,0.0495,0,5.01
8.61,54.13,7.68,6.38,0.2007,27,7.41
9.6,41.3,5.76,5.29,0.0392,0,5.81
3.27,58.26,8.16,6.66,0.1898,22,7.22
13.68,30.59,5.38,4.85,0.0186,0,5.35
19.81,38.32,2.53,3.51,0.0691,0,3.52
10.59,34.58,2.49,4.35,0.112,0,3.94
4.77,29.06,5.86,5.49,0.0,0,6.07
9.87,50.76,6.33,5.59,0.1693,12,6.79
5.25,38.67,5.31,4.54,0.0,0,5.49
7.15,48.08,5.79,5.69,0.0762,10,6.47
19.18,47.18,9.09,7.22,0.3304,53,8.16
19.8,11.46,6.29,5.64,0.0234,0,5.96
5.67,39.01,4.35,5.23,0.0663,0,5.05
7.26,11.98,5.91,5.59,0.0098,0,5.86
11.35,35.0,5.36,4.25,0.0017,0,5.41
7.8,40.65,5.65,4.96,0.0929,0,5.76
10.46,59.83,5.83,4.98,0.0,0,5.72
6.94,1.83,4.67,4.7,0.0438,0,4.73
11.85,5.47,4.13,4.36,0.0,0,4.53
9.08,4.62,6.03,6.02,0.0209,0,6.0
10.28,23.9,4.74,4.44,0.0,0,4.85
6.41,49.3,5.14,5.39,0.0185,0,6.1
11.42,50.64,4.21,6.26,0.0596,0,5.97
7.01,44.22,4.62,4.26,0.0,0,5.07
9.93,53.81,6.62,5.13,0.0363,5,5.89
18.15,19.37,6.07,5.92,0.0,0,6.31
6.12,5.29,4.59,4.51,0.0,0,4.69
5.12,3.49,4.29,4.4,0.0,0,4.42
16.85,51.13,6.07,5.58,0.2051,29,7.0
14.89,43.83,6.15,5.82,0.0469,7,6.69
17.85,41.92,6.96,6.12,0.0189,8,6.79
3.71,20.38,2.66,5.05,0.0499,0,4.41
11.94,22.79,4.57,4.23,0.0,0,4.69
5.19,57.49,6.23,5.19,0.1478,12,6.35
16.54,3.83,5.84,5.44,0.0448,0,4.92
6.75,46.42,6.86,5.67,0.0,0,6.12
5.49,18.58,5.7,5.42,0.0,0,5.54
6.68,2.34,3.74,3.73,0.0,0,3.69
15.6,44.55,5.37,4.89,0.0253,0,5.35
2.3,19.85,6.14,5.93,0.0,0,6.24
12.85,43.33,6.39,5.86,0.0,0,6.6
18.86,42.46,7.64,5.9,0.1113,23,6.77
17.38,32.09,5.45,4.96,0.0,0,5.87
17.66,46.64,4.92,4.5,0.0397,6,5.87
15.1,34.86,5.68,5.0,0.0189,0,5.23
7.26,17.2,3.33,4.93,0.0,0,4.61
5.53,44.05,5.22,4.98,0.0412,0,5.1
2.07,35.35,5.17,4.9,0.0,0,4.5
3.8,0.76,5.23,5.22,0.0,0,5.23
9.47,54.1,6.03,5.28,0.0127,7,6.37
7.24,32.74,6.64,6.07,0.0,0,6.37
17.44,52.12,7.55,6.45,0.1996,38,7.74
17.55,52.96,8.04,6.33,0.2767,37,7.43
17.22,26.7,5.43,5.08,0.0155,0,5.75
3.6,30.46,7.35,6.61,0.0,1,7.01
4.77,24.95,5.19,4.9,0.0263,0,4.87
5.29,26.97,6.1,5.56,0.056,0,5.85
7.69,53.71,6.11,5.5,0.0205,10,6.67
17.5,47.29,9.15,7.45,0.2162,39,7.93
6.31,7.59,4.64,4.71,0.0,0,4.82
6.36,36.62,7.04,6.38,0.0376,0,6.98
12.56,59.75,6.4,5.35,0.0634,3,6.07
12.9,35.73,2.18,3.69,0.0,0,3.45
2.06,47.15,5.89,5.33,0.0589,0,5.55
4.76,46.14,7.24,6.5,0.1428,16,7.21
4.93,21.02,4.92,4.48,0.0,0,5.01
2.14,22.31,4.44,4.16,0.0,0,4.48
6.12,43.44,6.42,6.07,0.0011,0,6.53
11.45,30.0,7.09,6.72,0.0082,3,6.93
5.36,34.23,2.26,2.2,0.103,17,2.35
16.84,42.77,5.6,5.26,0.1107,11,6.55
12.94,46.65,4.69,6.14,0.0267,0,5.73
5.44,16.29,6.21,5.67,0.0,0,5.88
5.61,8.81,6.62,6.15,0.0,0,6.3
5.21,17.51,6.64,6.21,0.0,0,6.34
17.09,30.45,7.46,6.45,0.1169,12,6.88
11.57,20.53,5.37,5.15,0.0243,0,4.98
2.94,34.1,1.72,3.35,0.2146,13,2.54
6.03,3.21,3.02,3.21,0.0653,0,3.18
14.16,30.59,4.97,4.92,0.0105,0,5.38
8.37,22.08,6.67,6.14,0.071,0,6.33
14.2,32.08,6.7,6.25,0.0766,5,6.71
14.42,25.35,6.73,6.27,0.102,8,7.01
16.01,17.05,4.65,4.72,0.0,0,4.82
3.59,54.25,5.82,5.09,0.0358,0,5.4
19.54,11.09,3.75,3.95,0.0,0,4.32
5.1,40.88,5.21,4.83,0.0,0,5.84
7.55,55.48,5.74,5.01,0.0,0,5.86
13.08,32.32,4.83,5.48,0.021,0,5.18
15.08,52.58,6.46,5.64,0.007,13,6.67
6.49,7.49,4.36,4.46,0.0981,0,4.14
10.71,29.63,4.39,3.8,0.0219,0,4.1
16.54,27.42,6.37,5.55,0.0417,4,6.47
3.71,0.49,3.91,3.87,0.0,0,3.88
7.07,26.6,5.47,5.5,0.0,0,5.79
4.59,22.14,5.76,5.53,0.0,0,5.81
6.32,40.19,5.45,5.07,0.0621,0,5.74
19.94,56.3,7.32,6.34,0.3023,55,8.26
18.46,5.15,7.27,6.6,0.1444,8,6.97
5.32,19.65,4.69,4.52,0.0074,0,5.07
17.88,26.64,5.49,5.12,0.0142,0,5.92
3.78,27.31,5.95,5.7,0.0115,0,6.07
3.78,46.49,4.18,3.85,0.0,0,4.08
15.79,26.6,8.03,6.93,0.0898,11,7.29
11.63,1.63,5.72,5.53,0.0409,0,5.84
14.83,42.61,5.6,5.08,0.0,0,4.45
6.29,53.09,6.76,5.13,0.0287,0,5.75
9.84,30.83,6.6,6.22,0.1081,0,6.64
11.37,34.87,4.37,4.22,0.0361,0,4.63
3.43,9.78,5.87,5.68,0.0,0,5.73
17.47,13.24,5.32,5.28,0.0134,0,5.42
10.23,14.11,3.83,3.62,0.0671,0,3.87
11.0,25.84,4.14,4.37,0.0,0,4.82
7.82,55.69,6.12,5.65,0.1074,12,6.82
12.45,31.31,3.74,2.97,0.062,2,3.55
13.16,11.53,6.56,6.25,0.0,0,6.49
19.35,15.97,5.69,5.58,0.0,0,5.89
18.3,23.04,5.65,5.81,0.0166,0,6.02
7.54,37.4,5.68,4.81,0.0104,2,6.11
12.1,26.4,3.72,3.35,0.0682,0,3.6
19.57,23.55,5.52,5.08,0.0,0,5.65
10.59,33.88,6.12,6.05,0.0,6,6.82
3.54,14.51,5.28,4.79,0.0385,0,5.0
7.93,4.73,5.28,5.51,0.0057,0,5.31
7.23,1.46,6.2,5.98,0.0,0,6.14
16.1,15.08,6.59,6.01,0.0,0,6.59
16.55,5.5,5.69,5.12,0.0,0,5.4
19.54,20.18,5.41,4.86,0.0,0,5.58
16.6,46.38,7.08,6.53,0.2849,43,8.07
8.65,42.98,6.55,5.82,0.0169,5,6.62
4.92,36.66,4.8,4.24,0.0287,0,4.89
19.78,51.15,9.05,7.17,0.3341,62,8.75
10.11,16.92,5.28,4.78,0.1378,0,5.11
7.55,53.1,3.26,4.26,0.1422,1,4.06
7.46,23.95,4.66,4.43,0.0278,0,4.72
13.78,24.05,3.67,5.48,0.0607,0,4.05
8.22,24.32,6.52,5.96,0.0,0,6.29
18.34,5.89,5.66,5.34,0.0819,0,5.7
19.9,58.53,3.84,3.73,0.0,0,4.37
7.3,8.31,5.23,5.04,0.0461,0,5.32
17.93,20.45,6.69,5.55,0.0,1,6.35
10.86,19.16,6.08,5.36,0.002,0,5.98
12.86,4.48,5.38,5.28,0.0434,0,5.56
18.72,9.14,5.44,5.14,0.0,0,4.84
19.6,2.69,5.54,5.23,0.0,0,5.35
8.93,17.54,6.28,6.06,0.0399,0,6.49
8.19,52.0,5.45,4.72,0.0,7,5.96
2.67,20.37,5.26,5.14,0.0369,0,5.55
13.43,7.42,6.16,5.8,0.0084,0,5.59
5.2,38.74,6.88,5.98,0.0552,3,6.72
11.18,59.8,6.17,5.75,0.1113,12,6.61
7.4,13.94,4.48,4.48,0.0,0,4.5
11.08,16.77,3.95,3.66,0.0865,0,3.96
2.03,58.31,5.72,5.11,0.033,0,5.62
17.53,10.73,5.99,5.87,0.0,0,6.5
8.15,30.67,6.48,6.25,0.0,0,6.69
9.92,14.38,5.73,5.61,0.0,0,5.58
5.01,55.94,4.97,4.35,0.0,0,5.01
16.19,58.89,8.65,6.53,0.4121,53,8.11
8.29,48.88,7.42,6.37,0.1696,14,7.01
6.08,18.89,4.58,4.21,0.0,0,4.52
15.74,24.21,5.96,5.26,0.0504,0,5.47
10.86,14.54,4.72,4.73,0.0,0,4.8
16.49,53.45,5.43,5.09,0.0235,7,6.21
4.57,54.87,7.45,6.47,0.0892,19,7.38
7.74,25.13,5.74,5.55,0.0,0,6.28
11.77,39.39,6.39,5.73,0.0126,0,6.26
16.23,9.93,5.98,5.53,0.0,0,5.98
18.53,26.1,6.95,6.35,0.1686,19,7.13
5.34,37.89,5.97,5.7,0.0,0,6.23
7.57,23.12,6.87,6.51,0.0002,0,6.57
5.49,21.46,7.42,6.71,0.0,0,6.98
4.78,0.06,4.72,4.73,0.0235,0,4.81
18.28,48.26,6.15,5.46,0.0281,11,6.78
5.65,53.36,7.52,6.95,0.1545,24,7.85
18.99,58.17,8.42,6.96,0.3026,50,7.65
14.46,43.16,5.94,5.72,0.0,0,6.17
5.27,32.93,5.51,5.42,0.0,0,6.17
16.36,16.16,6.14,5.73,0.0427,0,6.32
2.46,59.96,4.58,4.23,0.0,0,5.09
8.47,35.39,7.01,6.04,0.0328,0,6.32
10.91,40.87,4.62,4.89,0.0,0,5.06
7.55,40.94,5.32,4.87,0.0706,0,5.27
12.42,50.72,3.86,4.76,0.0,0,4.78
12.07,0.58,3.66,3.5,0.0,0,3.52
5.18,13.21,4.92,4.97,0.0375,0,5.1
4.37,39.93,6.59,5.88,0.0473,2,6.67
16.78,53.71,5.07,4.83,0.0661,10,6.11
19.13,41.12,4.46,4.47,0.025,0,5.51
18.15,24.81,5.45,4.98,0.0,0,5.25
8.13,21.69,4.74,4.44,0.0344,0,4.9
12.44,44.28,2.27,3.77,0.0899,18,3.09
10.22,44.47,6.54,5.41,0.0348,0,5.77
11.0,36.42,7.1,6.36,0.0649,17,7.3
10.41,17.49,5.33,5.11,0.0119,0,5.39
17.4,55.51,6.15,5.68,0.1213,24,7.01
7.69,33.11,5.95,4.91,0.0844,0,5.22
2.47,47.43,6.1,5.48,0.0546,0,5.85
7.6,12.86,5.44,5.22,0.0188,0,5.65
4.18,20.64,4.48,5.73,0.0,0,5.38
12.32,52.47,6.73,5.36,0.1524,19,6.62
16.61,3.01,4.19,4.6,0.0,0,4.38
7.27,30.74,6.27,5.79,0.0,0,6.11
14.17,28.9,6.05,5.91,0.1151,5,6.57
8.59,45.07,7.4,6.23,0.0823,14,7.05
2.2,16.91,6.33,5.97,0.0,0,6.1
5.56,13.14,5.41,4.96,0.0,0,5.38
3.12,55.57,6.74,6.25,0.0091,0,6.85
13.97,34.3,4.78,4.21,0.0,0,4.82
4.09,6.28,4.46,4.27,0.0,0,4.44
4.81,11.58,5.35,5.19,0.0076,0,5.23
11.25,59.93,9.02,7.39,0.305,50,8.07
10.3,11.74,4.58,4.21,0.0,0,4.86
2.87,36.63,7.35,6.44,0.1158,4,6.93
13.99,25.21,4.78,4.72,0.0,0,5.42
13.5,53.14,5.65,4.98,0.0072,11,6.19
14.81,45.31,4.21,3.75,0.008,0,4.31
9.62,35.82,5.79,5.52,0.046,0,5.9
7.68,0.64,3.44,3.45,0.0,0,3.56
6.4,52.79,7.69,6.38,0.1241,17,7.03
17.76,26.68,4.13,3.67,0.0,0,3.93
8.86,55.89,5.42,4.81,0.0,0,5.2
11.11,29.73,5.96,5.32,0.0167,0,5.92
12.48,41.65,2.63,2.61,0.0378,12,3.14
13.0,4.16,5.4,4.95,0.0,0,5.17
14.89,44.71,4.76,4.48,0.0907,0,4.89
5.62,20.28,6.03,5.51,0.0,0,5.96
15.82,21.08,6.1,5.73,0.0,0,6.53
2.43,7.12,3.91,3.79,0.041,0,3.85
12.02,8.81,3.63,3.66,0.022,0,4.08
5.2,11.15,4.4,4.29,0.0,0,4.43
4.27,19.69,3.7,5.21,0.019,0,4.5
7.24,53.52,6.17,5.06,0.0481,0,5.74
5.72,22.1,4.82,4.5,0.0111,0,5.08
7.35,43.46,6.79,6.52,0.1154,16,7.36
4.98,4.96,6.44,6.15,0.0093,0,6.45
11.17,35.47,5.23,4.97,0.0,0,5.12
7.76,28.91,5.54,5.61,0.039,0,5.88
19.12,58.68,7.89,6.3,0.274,53,8.24
2.37,50.77,5.68,4.66,0.0,0,5.25
17.79,27.29,6.89,5.76,0.0,0,6.12
10.13,46.51,5.47,4.74,0.0,0,5.26
10.03,11.58,4.9,4.66,0.1073,0,5.05
19.78,33.74,7.54,6.87,0.1325,26,7.56
6.46,4.48,3.91,3.63,0.0,0,3.67
7.11,20.89,6.37,5.88,0.0405,0,6.19
8.3,13.55,4.3,4.46,0.0,0,4.56
12.23,43.13,8.05,6.74,0.1865,22,7.32
5.64,29.41,4.56,5.97,0.0,0,5.61
11.94,45.06,7.2,6.13,0.0475,9,6.6
11.28,30.92,6.06,5.52,0.0343,0,6.28
16.69,5.19,4.96,5.64,0.0027,0,5.48
10.32,44.12,5.67,5.28,0.0,0,5.56
19.74,49.99,8.49,6.66,0.1236,12,6.99
4.44,54.21,5.53,4.64,0.0,0,4.73
13.86,34.32,6.6,6.21,0.0833,13,7.05
6.35,45.22,5.89,5.28,0.0,0,6.38
16.01,45.12,6.74,5.82,0.2065,37,7.6
2.77,9.34,4.3,4.24,0.0,0,4.32
17.29,9.85,4.65,4.4,0.0,0,4.57
13.34,4.25,3.97,3.82,0.0,0,3.36
12.27,19.19,6.31,6.15,0.0,0,6.53
17.53,28.41,6.35,5.69,0.1715,24,7.27
19.04,59.87,5.86,5.03,0.0179,8,6.14
4.06,25.86,5.1,4.9,0.0498,0,5.12
10.95,43.57,2.66,2.33,0.0375,8,3.35
4.39,41.6,6.07,5.85,0.0,0,6.6
2.12,12.27,7.26,6.69,0.1356,0,6.9
8.8,3.51,5.85,5.65,0.0362,0,5.8
6.34,32.76,6.96,6.39,0.0,0,6.7
9.08,42.02,4.67,4.36,0.0099,0,4.89
16.52,59.9,2.13,3.89,0.0308,5,4.17
17.79,21.52,6.46,5.9,0.0535,0,6.41
16.68,53.78,7.32,6.6,0.0323,13,7.04
4.96,22.92,6.11,5.7,0.0815,0,5.85
12.71,41.36,7.46,6.72,0.2204,27,7.58
15.63,35.9,6.03,5.43,0.0389,0,5.39
10.86,3.18,1.84,2.73,0.3672,23,2.48
3.48,4.7,4.74,4.7,0.0863,0,4.71
15.16,1.25,6.35,5.95,0.0,0,6.26
2.63,22.25,6.12,5.76,0.0,0,5.9
7.9,44.75,5.68,5.39,0.0334,0,6.0
18.28,10.37,5.0,4.18,0.0189,0,4.5
8.78,36.35,5.39,5.07,0.0,0,5.71
10.72,17.33,6.01,5.34,0.0648,0,5.68
16.66,47.82,8.02,7.12,0.4307,56,8.36
12.39,47.9,6.35,4.84,0.0,8,5.8
18.34,46.52,7.69,6.24,0.173,35,7.33
10.2,31.49,6.06,5.47,0.0,0,4.82
4.34,17.07,4.46,4.17,0.0,0,4.11
18.33,48.57,6.95,6.44,0.2583,44,8.0
11.97,11.17,4.55,4.45,0.023,0,4.53
12.74,17.39,5.12,4.64,0.0353,0,5.22
9.99,11.04,5.04,4.51,0.0,0,4.66
9.15,40.45,6.91,6.51,0.1977,21,7.49
14.84,41.17,6.74,5.93,0.1499,25,7.13
6.8,39.15,5.79,5.29,0.0,0,5.52
2.95,24.94,4.62,4.32,0.0,0,4.49
16.69,6.01,3.88,4.07,0.0,0,4.04
7.86,54.67,7.61,6.48,0.0818,16,7.07
15.41,30.46,4.41,3.99,0.0,0,4.12
3.72,24.42,5.99,5.2,0.0,0,5.58
7.77,35.33,5.89,5.04,0.0,0,5.59
9.1,11.57,5.85,5.77,0.0,0,6.36
11.13,7.95,5.05,4.6,0.0,0,4.85
15.49,24.33,4.2,5.06,0.0394,0,5.0
14.58,13.63,5.57,5.17,0.0027,0,5.65
12.98,14.66,4.61,4.13,0.073,0,4.4
16.53,53.55,6.37,5.12,0.0,0,5.83
16.37,31.85,5.1,4.59,0.0,0,4.19
2.79,29.01,5.02,4.5,0.0147,0,4.69
16.8,41.37,4.84,4.37,0.0556,0,4.06
10.01,57.09,6.94,5.72,0.0,0,6.4
18.22,6.73,5.64,5.38,0.0301,0,5.43
5.18,50.01,6.39,6.15,0.0,0,6.54
17.34,35.04,6.78,5.5,0.0,3,6.06
3.2,8.77,6.26,5.98,0.063,0,6.07
3.72,17.83,5.57,5.25,0.0744,0,5.58
13.14,28.94,6.44,5.98,0.0,0,6.22
10.57,41.47,5.92,6.1,0.0063,1,6.45
15.46,14.56,4.67,4.43,0.0,0,4.72
12.14,32.09,6.78,6.35,0.0491,3,6.72
5.38,41.08,4.86,4.81,0.0818,0,4.93
15.17,26.92,1.57,2.83,0.1426,22,2.65
15.27,51.78,7.03,6.06,0.027,0,6.55
5.85,52.17,5.82,5.13,0.0,0,5.43
19.76,28.24,5.52,4.4,0.0,0,5.1
17.63,58.38,4.54,3.96,0.0692,0,4.65
16.84,4.54,5.63,5.49,0.0,0,5.59
9.95,0.2,3.73,3.77,0.0028,0,3.89
13.03,22.84,5.6,5.96,0.0087,0,6.01
7.06,36.07,5.81,5.1,0.01,0,5.65
13.08,37.75,4.73,4.22,0.0066,0,5.21
2.29,28.59,6.4,6.07,0.0,0,6.77
13.3,7.49,4.54,4.38,0.0117,0,4.44
14.73,10.23,6.45,5.79,0.0491,0,6.23
10.85,51.13,6.76,5.29,0.1459,6,6.15
12.48,52.07,7.21,6.45,0.2391,24,7.19
18.13,40.43,3.25,3.88,0.0,0,4.62
6.63,39.85,5.65,5.21,0.0,0,5.77
2.96,35.86,7.0,6.25,0.0374,0,6.59
7.56,12.18,5.25,5.12,0.0589,0,5.75
5.55,25.7,6.2,5.91,0.0506,0,6.17
7.69,41.75,6.42,5.96,0.1483,14,6.97
16.48,32.24,8.41,6.11,0.1073,23,6.86
11.08,1.11,4.51,4.68,0.0,0,4.59
18.09,57.21,9.23,6.76,0.2074,37,7.39
5.05,50.69,6.39,5.8,0.0725,12,6.8
2.14,15.63,4.83,4.55,0.0,0,5.04
15.75,36.99,7.05,6.4,0.1184,7,6.87
6.92,55.39,6.86,5.9,0.0095,16,6.98
16.84,5.76,5.22,5.14,0.0,0,5.22
7.52,30.18,7.22,6.4,0.0146,0,6.82
3.71,27.37,4.7,4.35,0.0265,0,4.82
3.79,24.61,6.49,6.18,0.0,0,6.46
19.31,50.14,6.06,5.05,0.0437,0,4.82
10.57,22.84,4.07,3.64,0.0715,0,4.04
17.44,3.82,2.75,3.88,0.045,0,3.64
7.86,3.95,1.98,4.07,0.1403,6,3.71
17.11,2.56,4.83,4.47,0.0415,0,4.63
14.86,24.55,6.46,5.84,0.0,0,6.07
7.89,43.1,5.13,4.64,0.0,0,5.73
9.54,12.22,6.62,5.97,0.0,0,6.25
6.98,38.79,7.22,6.67,0.3082,26,7.69
10.74,41.23,4.76,4.45,0.0402,0,5.8
5.19,15.31,5.62,5.39,0.0094,0,5.59
14.66,36.03,8.4,7.19,0.2192,32,7.93
6.68,41.09,6.07,5.86,0.0754,1,6.52
3.29,28.0,5.82,5.39,0.0,0,5.96
13.11,20.2,6.7,6.18,0.0606,0,6.57
13.6,37.15,4.98,4.57,0.0,0,5.0
18.71,58.67,6.8,6.31,0.1846,34,7.55
12.59,25.61,4.41,4.24,0.0576,0,4.39
13.16,23.5,6.76,6.1,0.0104,6,6.83
4.71,27.86,4.65,4.58,0.0,0,4.7
9.03,4.57,3.86,3.67,0.0,0,3.79
5.84,33.19,6.38,5.68,0.0,0,5.93
11.13,19.72,4.32,4.2,0.0149,0,4.28
5.79,7.29,6.02,5.56,0.0739,0,5.64
3.55,27.98,6.65,6.08,0.0043,0,6.28
9.61,0.2,3.67,3.9,0.037,0,3.86
13.0,24.11,6.19,6.02,0.0583,0,6.32
7.01,6.34,4.66,4.74,0.0,0,4.67
18.99,1.46,6.24,5.87,0.0,0,6.23
18.42,49.47,4.86,5.03,0.0921,5,5.9
7.85,54.97,6.86,6.6,0.2261,21,7.45
10.15,12.46,5.06,4.97,0.0194,0,5.6
14.2,32.36,7.99,6.73,0.1688,18,7.23
4.77,16.68,4.68,5.46,0.101,0,5.22
6.28,29.61,5.98,5.68,0.0117,0,6.48
8.77,26.2,6.41,6.03,0.0406,0,6.15
2.83,16.14,4.83,4.53,0.0,0,4.83
7.8,42.02,5.05,4.86,0.0,0,5.72
13.7,7.59,3.6,3.62,0.2662,27,2.5
12.81,3.18,4.25,4.23,0.0863,0,4.29
18.96,46.06,5.33,4.07,0.0,0,4.82
2.75,39.96,6.75,6.02,0.0,0,6.22
2.83,29.91,4.71,4.44,0.0,0,4.58
6.49,28.07,6.34,5.82,0.0,0,6.34
7.41,29.84,5.33,5.0,0.0,0,5.16
15.15,26.22,5.71,4.67,0.1153,11,6.12
13.12,23.57,6.76,5.85,0.0,0,6.26
5.63,29.98,7.13,6.53,0.1163,8,7.2
5.93,31.71,4.13,4.15,0.0,0,4.22
18.32,41.51,6.07,5.57,0.0018,0,6.28
18.03,42.67,6.71,5.53,0.0765,4,6.18
10.36,22.66,5.35,4.72,0.0,0,5.01
18.37,24.81,5.74,5.2,0.0514,0,5.14
2.2,22.42,5.04,4.55,0.0269,0,4.92
7.11,32.19,5.31,4.6,0.0,0,4.84
11.41,27.2,7.66,6.58,0.0397,5,6.92
3.59,53.38,7.48,6.5,0.1254,11,6.8
6.13,41.78,5.15,4.85,0.0321,0,5.15
6.75,53.92,3.91,4.28,0.0,0,4.48
3.84,42.55,5.18,4.62,0.038,0,5.08
6.58,58.26,7.86,6.69,0.0989,29,7.58
19.87,38.14,6.17,5.73,0.0495,15,6.94
8.66,57.81,7.29,6.12,0.0181,0,6.5
7.98,9.49,4.48,4.28,0.1026,0,4.55
12.9,3.15,4.22,4.31,0.0653,0,4.33
13.06,34.75,6.21,5.87,0.0,0,6.62
11.6,59.01,7.14,5.87,0.1942,17,6.67
16.58,25.06,4.17,4.08,0.0167,0,4.43
3.46,12.72,4.33,5.7,0.0017,0,5.12
14.15,31.29,4.7,3.99,0.0269,0,4.28
15.86,38.93,7.28,5.95,0.0665,12,6.53
5.38,18.91,5.76,5.29,0.0594,0,5.54
13.56,42.89,6.26,5.66,0.1527,12,6.57
18.26,58.51,6.15,5.06,0.0327,16,6.49
5.26,53.82,6.66,5.76,0.2066,16,6.96
7.68,17.5,3.94,3.76,0.0,0,4.03
18.89,19.6,3.41,3.02,0.0556,6,3.13
10.3,22.29,4.66,4.1,0.0,0,4.62
11.88,23.67,4.38,4.29,0.0612,0,3.67
6.57,6.02,4.28,4.13,0.0414,0,4.23
7.99,45.72,5.3,4.89,0.0,0,5.61
5.98,21.92,5.37,4.67,0.0,0,5.08
6.6,52.79,5.27,6.21,0.1136,0,5.87
18.03,55.62,5.89,5.44,0.0,0,5.81
3.05,1.47,5.16,5.17,0.0108,0,5.19
12.71,59.31,8.14,6.67,0.1928,40,7.91
17.54,42.6,4.43,4.33,0.0,0,4.61
16.08,31.22,5.93,5.6,0.0759,16,6.72
5.23,23.37,5.95,5.69,0.0673,0,6.07
5.25,31.11,5.38,4.92,0.0493,0,5.3
4.39,19.48,5.96,5.46,0.0,0,5.65
5.69,37.36,3.29,4.66,0.0,0,4.06
4.19,5.58,3.7,3.79,0.0,0,3.72
4.36,37.27,5.87,5.37,0.0,0,5.76
18.19,16.52,5.96,5.27,0.0552,0,5.48
7.63,1.06,1.84,4.01,0.2395,8,3.12
11.67,33.16,4.35,4.33,0.0069,0,5.12
16.62,34.71,6.23,5.69,0.0342,0,5.88
16.1,25.59,6.14,5.17,0.0,1,6.4
13.07,4.34,5.44,5.23,0.0,0,5.32
6.31,53.6,6.98,6.27,0.1589,15,7.08
18.89,36.69,7.67,6.46,0.0465,15,6.98
3.52,6.94,4.82,4.68,0.0489,0,4.96
10.45,30.66,5.09,4.8,0.0151,0,5.22
2.09,29.84,7.25,6.71,0.0453,0,7.07
3.59,3.62,4.55,4.42,0.0505,0,4.57
5.08,36.41,5.58,5.05,0.0,0,5.48
17.55,48.5,5.03,4.29,0.0059,0,5.18
7.55,44.94,6.78,6.02,0.0121,0,6.42
7.8,12.18,3.67,3.72,0.0205,0,3.96
4.49,51.74,5.51,5.36,0.0,0,6.21
15.96,20.55,6.55,6.21,0.1458,19,7.27
6.71,56.79,5.99,5.1,0.0,2,6.1
3.2,4.3,6.1,5.99,0.0,0,6.02
19.11,29.17,4.95,4.57,0.0,0,5.23
6.05,35.83,5.98,5.29,0.0163,0,5.56
6.07,14.86,4.08,4.08,0.0,0,4.4
13.37,46.28,6.08,5.65,0.1489,21,7.01
6.43,37.61,6.47,5.43,0.0,0,5.79
17.42,1.09,4.9,4.41,0.0182,0,4.59
7.92,36.5,3.95,5.58,0.0177,0,5.16
19.56,29.49,5.22,4.66,0.0123,0,5.31
2.68,11.76,5.56,5.44,0.0,0,5.75
12.29,59.74,6.34,5.4,0.0,0,6.06
3.51,53.83,5.75,5.58,0.1445,12,6.81
8.59,17.55,6.39,5.72,0.0,0,6.15
13.85,32.46,6.77,6.16,0.1404,14,6.97
11.65,18.99,4.47,4.3,0.0603,0,4.92
11.7,46.53,6.22,5.06,0.0,0,5.63
10.44,55.82,4.48,5.34,0.0451,0,5.85
5.25,21.53,4.6,4.65,0.0,0,4.9
4.12,48.34,6.11,5.58,0.0751,9,6.73
5.82,29.9,5.38,5.4,0.0413,0,5.79
6.51,23.79,5.59,5.27,0.006,0,5.43
9.62,56.31,5.06,4.51,0.0,0,4.83
9.18,30.62,5.48,5.38,0.0734,0,5.81
10.9,28.04,6.17,5.6,0.1341,0,5.99
6.75,40.35,6.25,5.62,0.0,0,5.63
12.62,15.67,5.24,5.15,0.0,0,5.39
5.22,19.49,4.14,4.09,0.0,0,4.33
14.45,55.92,5.75,6.1,0.1243,5,6.42
17.06,40.71,7.5,5.67,0.0762,9,6.26
11.78,49.6,6.22,4.73,0.0,11,5.87
12.79,16.27,4.07,4.16,0.0,0,4.37
17.16,32.63,6.17,5.33,0.0,5,6.37
7.97,58.28,6.55,5.03,0.0873,2,6.04
15.52,19.12,6.55,6.19,0.0562,0,6.46
2.09,9.63,5.92,5.97,0.0,0,5.97
11.27,30.65,5.05,4.36,0.0676,0,4.68
16.4,23.27,7.19,6.72,0.0935,11,7.28
6.38,9.57,4.2,3.95,0.0,0,4.07
6.87,53.31,6.78,5.78,0.0772,10,6.74
8.36,59.44,3.19,4.45,0.0,0,4.45
10.39,34.11,6.37,5.88,0.0,0,6.46
8.46,46.48,6.07,5.78,0.1774,13,6.8
6.26,51.54,5.68,4.77,0.0149,1,5.87
2.69,42.06,4.17,3.83,0.0,0,4.61
16.8,2.65,4.34,4.39,0.0907,0,4.23
10.47,9.46,6.15,6.19,0.0751,0,6.3
4.21,4.26,4.52,4.55,0.0727,0,4.58
13.91,0.59,4.7,4.27,0.0181,0,4.69
5.02,18.36,6.87,6.24,0.0,0,6.47
17.53,23.54,5.08,4.29,0.0,0,4.53
15.95,14.46,8.08,6.66,0.2024,23,7.23
16.24,3.88,4.45,4.44,0.0,0,4.58
7.94,31.79,5.12,4.65,0.0101,0,4.97
12.02,16.4,6.94,6.38,0.0046,0,6.78
4.89,47.76,6.05,5.3,0.0127,0,5.9
2.47,0.48,6.18,6.11,0.0958,0,6.17
15.25,50.55,7.87,6.76,0.2285,38,7.83
13.82,57.29,7.39,5.84,0.0244,0,6.39
17.64,42.97,4.99,3.88,0.0538,0,4.56
9.27,44.02,5.08,4.4,0.0,0,5.54
13.63,56.01,5.11,5.19,0.0585,0,5.49
7.6,12.54,-1.46,2.29,0.6717,29,1.1
15.35,59.67,5.1,4.42,0.1287,24,6.64
15.98,46.41,8.63,7.0,0.187,36,7.46
5.64,43.59,5.98,5.47,0.0,0,5.87
15.14,21.67,6.05,5.51,0.0,0,5.9
3.18,32.75,6.73,6.47,0.0,0,6.78
6.86,39.24,4.44,4.07,0.0,0,4.75
11.3,37.22,5.07,4.95,0.034,0,5.25
7.91,42.3,4.14,5.97,0.0,0,5.06
5.1,4.94,5.63,5.52,0.0015,0,5.52
3.58,21.34,4.75,4.33,0.0,0,4.76
3.26,26.04,6.91,6.32,0.0073,0,6.51
5.59,15.64,4.61,4.44,0.0,0,4.82
14.11,10.36,4.3,4.7,0.0104,0,4.63
5.34,8.34,5.95,5.77,0.0,0,6.16
18.97,21.98,4.5,3.74,0.0,0,3.99
15.29,29.61,6.45,5.84,0.1809,15,6.89
5.51,3.78,4.8,4.58,0.0,0,4.62
4.54,56.79,7.3,6.43,0.3,20,7.28
8.0,45.91,4.64,4.27,0.0,0,4.89
13.69,43.85,5.75,5.55,0.0437,15,6.73
7.62,10.37,5.59,5.64,0.097,2,5.38
2.33,36.23,7.48,6.58,0.0847,7,7.04
18.35,31.78,7.25,6.34,0.1759,31,7.25
11.56,58.95,7.18,5.99,0.0,12,6.89
6.13,44.86,5.93,5.29,0.0641,0,4.96
3.1,34.55,5.64,4.84,0.0,0,5.28
18.81,51.05,6.14,5.79,0.0,0,6.02
15.27,9.31,5.95,5.53,0.0507,0,5.37
2.51,0.91,6.15,6.11,0.0,0,6.1
6.39,41.41,7.41,6.54,0.0223,0,6.76
6.31,5.9,6.25,6.11,0.0,0,6.31
6.13,6.93,4.9,4.42,0.0,0,4.6
2.6,44.68,5.6,5.08,0.0,0,5.88
6.31,16.23,5.46,5.32,0.0256,0,5.49
6.08,37.72,6.56,5.89,0.0,0,6.48
6.99,55.04,5.99,5.38,0.0863,3,5.87
11.35,18.99,5.2,4.56,0.0355,0,4.94
2.14,13.03,5.54,5.38,0.0227,0,5.46
7.41,6.39,4.46,4.22,0.0,0,4.38
2.89,7.83,4.71,4.58,0.0,0,4.93
8.08,3.73,4.73,4.94,0.0,0,4.82
15.73,5.26,5.11,4.57,0.001,0,5.07
4.35,25.92,6.35,5.6,0.0,0,5.9
11.79,19.25,5.42,5.39,0.0004,0,5.44
2.0,42.39,5.01,4.74,0.0548,0,5.42
5.49,52.21,5.99,5.3,0.0293,0,5.8
6.04,47.09,7.01,6.52,0.1736,17,7.35
8.86,31.84,6.42,5.9,0.0,3,6.42
13.16,6.15,5.19,4.73,0.0,0,5.03
16.09,42.59,5.2,4.59,0.0,0,5.29
5.64,21.77,4.83,4.56,0.0,0,4.77
4.71,5.14,4.96,5.2,0.0,0,5.24
6.77,50.55,6.05,4.98,0.0526,0,5.41
16.71,20.29,5.17,4.82,0.0253,0,5.3
10.46,13.09,4.81,4.53,0.021,0,4.88
16.04,52.29,6.22,5.24,0.0,9,6.22
12.69,54.13,3.25,4.01,0.149,19,3.56
16.08,20.34,6.75,5.91,0.0275,0,5.7
18.61,21.29,5.9,4.91,0.0,0,5.42
18.82,34.78,6.23,5.28,0.0,0,5.92
13.03,44.01,6.45,4.99,0.0784,0,5.47
5.19,3.79,6.03,5.44,0.0,0,5.73
2.55,35.6,4.87,4.31,0.0662,0,4.65
19.04,57.17,4.85,4.23,0.0,0,5.72
8.0,15.73,5.93,5.92,0.0,0,5.88
6.91,54.53,6.89,6.18,0.0,0,6.58
11.49,57.01,6.19,5.46,0.0063,6,6.46
6.91,16.15,5.42,5.06,0.0,0,5.67
12.54,45.25,7.6,5.96,0.2318,21,6.87
13.42,14.33,6.19,5.51,0.0378,0,5.94
10.07,44.26,5.96,5.65,0.0442,7,6.54
6.07,47.85,6.5,5.71,0.0,0,6.31
19.15,14.83,6.36,5.84,0.0,0,6.36
16.6,42.95,7.55,6.44,0.2336,33,7.57
17.58,48.73,6.88,6.39,0.0981,18,7.08
10.5,21.51,5.8,5.22,0.0,0,5.42
16.41,10.06,4.41,4.46,0.0935,0,4.69
12.28,5.52,5.7,5.61,0.0293,0,5.62
8.02,34.52,4.9,4.53,0.0555,0,4.86
6.87,58.69,5.64,4.76,0.0,0,5.67
10.18,49.38,5.93,4.85,0.1064,20,6.83
7.06,26.15,4.18,4.18,0.0441,0,4.45
19.97,32.2,5.3,4.48,0.0003,0,5.35
5.74,16.77,4.54,4.19,0.0042,0,4.5
11.62,9.78,5.83,5.28,0.0,0,5.59
11.78,28.92,3.99,5.06,0.0158,0,4.8
9.51,27.81,3.84,5.05,0.0,0,4.84
13.57,31.32,5.42,4.7,0.0,0,4.8
6.04,57.17,5.91,4.98,0.0719,9,5.96
16.76,36.23,4.73,4.19,0.0115,0,5.42
9.99,36.35,6.09,5.29,0.0764,3,6.23
13.87,7.68,4.55,4.73,0.0,0,4.75
15.73,59.79,6.21,6.3,0.0344,0,6.34
18.34,46.37,4.87,4.6,0.1629,18,6.3
17.54,52.63,5.92,5.06,0.0789,1,5.92
6.0,24.86,4.22,4.0,0.0705,0,4.29
10.83,30.13,6.6,5.5,0.0418,0,5.86
12.55,31.33,5.67,5.12,0.0,0,6.13
5.42,11.65,6.26,6.19,0.0,0,6.32
4.91,41.37,5.07,4.54,0.0087,0,5.38
6.56,54.18,6.3,5.89,0.2234,19,7.17
10.77,9.82,5.5,5.0,0.0,0,5.12
5.39,5.18,4.98,4.74,0.043,0,4.85
11.47,44.29,6.2,5.79,0.0438,0,6.38
9.98,16.39,5.41,5.31,0.0758,0,5.39
11.17,37.43,7.65,6.35,0.2,17,7.11
14.04,41.75,6.68,6.37,0.167,20,7.21
20.0,19.31,4.07,3.77,0.0,0,4.09
12.39,48.91,6.41,5.87,0.0137,5,6.56
8.13,33.0,6.38,5.68,0.0,0,5.64
7.44,52.14,3.66,2.69,0.0278,6,3.48
4.66,45.8,5.34,6.3,0.0,0,6.24
13.38,52.11,6.03,4.74,0.0385,9,5.92
4.91,1.21,4.2,4.17,0.0549,0,4.37
6.98,14.61,4.68,4.35,0.0,0,4.6
7.7,5.4,5.95,5.77,0.0,0,6.0
5.81,26.52,3.27,4.22,0.0,0,4.02
8.89,53.4,6.62,5.65,0.0,0,6.34
5.62,28.05,4.79,4.42,0.0124,0,5.02
19.86,50.98,5.25,4.47,0.0,5,5.67
10.61,19.63,5.52,5.18,0.0122,0,5.55
16.41,20.37,5.47,4.9,0.0,0,4.77
5.35,53.73,6.91,6.51,0.0362,6,6.88
16.9,25.55,6.85,6.24,0.0199,0,6.96
16.54,47.39,5.28,4.8,0.0,5,5.81
15.02,14.2,6.51,6.39,0.0844,0,6.51
17.82,56.93,7.85,6.47,0.2614,47,7.75
19.09,34.47,6.89,5.94,0.1222,9,6.77
13.7,45.56,4.05,4.16,0.0,0,4.94
8.56,5.37,5.23,5.15,0.0484,0,5.29
10.98,29.56,5.7,5.34,0.076,0,5.95
2.75,54.06,5.14,4.65,0.0,0,5.23
14.76,52.62,7.55,6.42,0.168,25,7.09
7.39,2.81,5.33,5.19,0.0247,0,5.25
5.77,18.22,7.13,6.49,0.0,0,6.87
15.24,26.6,4.67,4.2,0.0574,0,4.47
8.77,10.34,4.05,3.83,0.0,0,3.99
